-- MySQL dump 10.13  Distrib 8.0.19, for Linux (x86_64)
--
-- Host: localhost    Database: instagram
-- ------------------------------------------------------
-- Server version	8.0.19

/*!40101 SET @OLD_CHARACTER_SET_CLIENT=@@CHARACTER_SET_CLIENT */;
/*!40101 SET @OLD_CHARACTER_SET_RESULTS=@@CHARACTER_SET_RESULTS */;
/*!40101 SET @OLD_COLLATION_CONNECTION=@@COLLATION_CONNECTION */;
/*!50503 SET NAMES utf8mb4 */;
/*!40103 SET @OLD_TIME_ZONE=@@TIME_ZONE */;
/*!40103 SET TIME_ZONE='+00:00' */;
/*!40014 SET @OLD_UNIQUE_CHECKS=@@UNIQUE_CHECKS, UNIQUE_CHECKS=0 */;
/*!40014 SET @OLD_FOREIGN_KEY_CHECKS=@@FOREIGN_KEY_CHECKS, FOREIGN_KEY_CHECKS=0 */;
/*!40101 SET @OLD_SQL_MODE=@@SQL_MODE, SQL_MODE='NO_AUTO_VALUE_ON_ZERO' */;
/*!40111 SET @OLD_SQL_NOTES=@@SQL_NOTES, SQL_NOTES=0 */;

--
-- Temporary view structure for view `delivered_messages`
--

DROP TABLE IF EXISTS `delivered_messages`;
/*!50001 DROP VIEW IF EXISTS `delivered_messages`*/;
SET @saved_cs_client     = @@character_set_client;
/*!50503 SET character_set_client = utf8mb4 */;
/*!50001 CREATE VIEW `delivered_messages` AS SELECT 
 1 AS `delivered_message`,
 1 AS `full_sender_name`*/;
SET character_set_client = @saved_cs_client;

--
-- Table structure for table `likes`
--

DROP TABLE IF EXISTS `likes`;
/*!40101 SET @saved_cs_client     = @@character_set_client */;
/*!50503 SET character_set_client = utf8mb4 */;
CREATE TABLE `likes` (
  `id` int unsigned NOT NULL,
  `user_id` int unsigned NOT NULL,
  `target_id` int unsigned NOT NULL,
  `target_type_id` int unsigned NOT NULL,
  `created_at` datetime DEFAULT CURRENT_TIMESTAMP,
  KEY `likes_user_id_fk` (`user_id`),
  KEY `likes_target_type_id_fk` (`target_type_id`),
  CONSTRAINT `likes_target_type_id_fk` FOREIGN KEY (`target_type_id`) REFERENCES `target_types` (`id`),
  CONSTRAINT `likes_user_id_fk` FOREIGN KEY (`user_id`) REFERENCES `users` (`id`)
) ENGINE=InnoDB DEFAULT CHARSET=utf8mb4 COLLATE=utf8mb4_0900_ai_ci;
/*!40101 SET character_set_client = @saved_cs_client */;

--
-- Dumping data for table `likes`
--

LOCK TABLES `likes` WRITE;
/*!40000 ALTER TABLE `likes` DISABLE KEYS */;
INSERT INTO `likes` VALUES (1,135,29,4,'2020-06-13 19:54:01'),(2,96,252,2,'2020-06-13 19:54:01'),(3,128,134,3,'2020-06-13 19:54:01'),(4,146,259,2,'2020-06-13 19:54:01'),(5,62,255,1,'2020-06-13 19:54:01'),(6,85,224,1,'2020-06-13 19:54:01'),(7,142,186,2,'2020-06-13 19:54:01'),(8,63,99,2,'2020-06-13 19:54:01'),(9,140,148,3,'2020-06-13 19:54:01'),(10,137,156,4,'2020-06-13 19:54:01'),(11,112,44,2,'2020-06-13 19:54:01'),(12,7,220,3,'2020-06-13 19:54:01'),(13,65,176,3,'2020-06-13 19:54:01'),(14,59,22,1,'2020-06-13 19:54:01'),(15,102,259,2,'2020-06-13 19:54:01'),(16,115,1,3,'2020-06-13 19:54:01'),(17,88,230,1,'2020-06-13 19:54:01'),(18,12,51,3,'2020-06-13 19:54:01'),(19,79,241,2,'2020-06-13 19:54:01'),(20,120,195,4,'2020-06-13 19:54:01'),(21,55,74,1,'2020-06-13 19:54:01'),(22,133,12,3,'2020-06-13 19:54:01'),(23,91,114,1,'2020-06-13 19:54:01'),(24,43,48,4,'2020-06-13 19:54:01'),(25,40,142,3,'2020-06-13 19:54:01'),(26,70,176,3,'2020-06-13 19:54:01'),(27,143,40,4,'2020-06-13 19:54:01'),(28,97,242,1,'2020-06-13 19:54:01'),(29,3,252,1,'2020-06-13 19:54:01'),(30,22,93,1,'2020-06-13 19:54:01'),(31,105,35,2,'2020-06-13 19:54:01'),(32,14,295,3,'2020-06-13 19:54:01'),(33,38,101,4,'2020-06-13 19:54:01'),(34,91,75,2,'2020-06-13 19:54:01'),(35,69,289,2,'2020-06-13 19:54:01'),(36,49,89,3,'2020-06-13 19:54:01'),(37,97,212,3,'2020-06-13 19:54:01'),(38,127,130,3,'2020-06-13 19:54:01'),(39,129,119,2,'2020-06-13 19:54:01'),(40,129,21,4,'2020-06-13 19:54:01'),(41,90,213,3,'2020-06-13 19:54:01'),(42,92,240,1,'2020-06-13 19:54:01'),(43,66,203,1,'2020-06-13 19:54:01'),(44,54,170,4,'2020-06-13 19:54:01'),(45,10,20,1,'2020-06-13 19:54:01'),(46,71,287,2,'2020-06-13 19:54:01'),(47,141,181,1,'2020-06-13 19:54:01'),(48,29,104,1,'2020-06-13 19:54:01'),(49,117,122,3,'2020-06-13 19:54:01'),(50,32,4,2,'2020-06-13 19:54:01'),(51,5,273,2,'2020-06-13 19:54:01'),(52,84,129,2,'2020-06-13 19:54:01'),(53,3,212,2,'2020-06-13 19:54:01'),(54,39,261,3,'2020-06-13 19:54:01'),(55,35,134,3,'2020-06-13 19:54:01'),(56,52,36,3,'2020-06-13 19:54:01'),(57,61,113,3,'2020-06-13 19:54:01'),(58,28,282,1,'2020-06-13 19:54:01'),(59,134,9,2,'2020-06-13 19:54:01'),(60,38,254,2,'2020-06-13 19:54:01'),(61,128,248,3,'2020-06-13 19:54:01'),(62,55,31,2,'2020-06-13 19:54:01'),(63,128,287,1,'2020-06-13 19:54:01'),(64,44,229,4,'2020-06-13 19:54:01'),(65,54,4,4,'2020-06-13 19:54:01'),(66,135,154,4,'2020-06-13 19:54:01'),(67,131,211,4,'2020-06-13 19:54:01'),(68,60,89,2,'2020-06-13 19:54:01'),(69,79,230,2,'2020-06-13 19:54:01'),(70,150,66,1,'2020-06-13 19:54:01'),(71,120,213,1,'2020-06-13 19:54:01'),(72,101,264,2,'2020-06-13 19:54:01'),(73,40,54,1,'2020-06-13 19:54:01'),(74,146,162,4,'2020-06-13 19:54:01'),(75,50,84,2,'2020-06-13 19:54:01'),(76,32,250,3,'2020-06-13 19:54:01'),(77,13,265,1,'2020-06-13 19:54:01'),(78,20,57,3,'2020-06-13 19:54:01'),(79,28,80,4,'2020-06-13 19:54:01'),(80,14,40,2,'2020-06-13 19:54:01'),(81,72,79,4,'2020-06-13 19:54:01'),(82,97,164,4,'2020-06-13 19:54:01'),(83,60,173,3,'2020-06-13 19:54:01'),(84,102,105,3,'2020-06-13 19:54:01'),(85,74,97,1,'2020-06-13 19:54:01'),(86,117,135,4,'2020-06-13 19:54:01'),(87,24,29,4,'2020-06-13 19:54:01'),(88,101,117,4,'2020-06-13 19:54:01'),(89,68,141,1,'2020-06-13 19:54:01'),(90,94,31,3,'2020-06-13 19:54:01'),(91,134,164,1,'2020-06-13 19:54:01'),(92,87,231,1,'2020-06-13 19:54:01'),(93,32,222,1,'2020-06-13 19:54:01'),(94,16,96,2,'2020-06-13 19:54:01'),(95,76,194,3,'2020-06-13 19:54:01'),(96,97,17,2,'2020-06-13 19:54:01'),(97,87,256,3,'2020-06-13 19:54:01'),(98,12,243,4,'2020-06-13 19:54:01'),(99,93,195,2,'2020-06-13 19:54:01'),(100,4,284,3,'2020-06-13 19:54:01'),(101,67,74,4,'2020-06-13 19:54:01'),(102,113,19,1,'2020-06-13 19:54:01'),(103,13,81,1,'2020-06-13 19:54:01'),(104,89,213,4,'2020-06-13 19:54:01'),(105,112,123,4,'2020-06-13 19:54:01'),(106,119,160,2,'2020-06-13 19:54:01'),(107,137,193,2,'2020-06-13 19:54:01'),(108,75,11,3,'2020-06-13 19:54:01'),(109,47,148,3,'2020-06-13 19:54:01'),(110,30,111,2,'2020-06-13 19:54:01'),(111,27,33,1,'2020-06-13 19:54:01'),(112,111,196,1,'2020-06-13 19:54:01'),(113,39,50,1,'2020-06-13 19:54:01'),(114,115,202,1,'2020-06-13 19:54:01'),(115,45,90,3,'2020-06-13 19:54:01'),(116,18,234,3,'2020-06-13 19:54:01'),(117,51,29,2,'2020-06-13 19:54:01'),(118,2,204,2,'2020-06-13 19:54:01'),(119,114,216,2,'2020-06-13 19:54:01'),(120,60,18,1,'2020-06-13 19:54:01'),(121,45,61,1,'2020-06-13 19:54:01'),(122,2,200,2,'2020-06-13 19:54:01'),(123,84,255,3,'2020-06-13 19:54:01'),(124,50,275,3,'2020-06-13 19:54:01'),(125,34,100,4,'2020-06-13 19:54:01'),(126,147,270,3,'2020-06-13 19:54:01'),(127,15,239,3,'2020-06-13 19:54:01'),(128,19,151,1,'2020-06-13 19:54:01'),(129,33,194,3,'2020-06-13 19:54:01'),(130,141,286,4,'2020-06-13 19:54:01'),(131,139,228,1,'2020-06-13 19:54:01'),(132,117,253,4,'2020-06-13 19:54:01'),(133,137,270,4,'2020-06-13 19:54:01'),(134,16,74,4,'2020-06-13 19:54:01'),(135,125,123,3,'2020-06-13 19:54:01'),(136,80,299,2,'2020-06-13 19:54:01'),(137,144,186,1,'2020-06-13 19:54:01'),(138,39,186,2,'2020-06-13 19:54:01'),(139,109,205,1,'2020-06-13 19:54:01'),(140,18,269,1,'2020-06-13 19:54:01'),(141,136,52,1,'2020-06-13 19:54:01'),(142,31,178,2,'2020-06-13 19:54:01'),(143,140,193,2,'2020-06-13 19:54:01'),(144,14,75,4,'2020-06-13 19:54:01'),(145,17,187,4,'2020-06-13 19:54:01'),(146,15,35,2,'2020-06-13 19:54:01'),(147,3,82,2,'2020-06-13 19:54:01'),(148,112,237,3,'2020-06-13 19:54:01'),(149,28,240,2,'2020-06-13 19:54:01'),(150,119,195,4,'2020-06-13 19:54:01'),(151,59,101,3,'2020-06-13 19:54:01'),(152,81,52,1,'2020-06-13 19:54:01'),(153,105,227,3,'2020-06-13 19:54:01'),(154,28,258,3,'2020-06-13 19:54:01'),(155,17,99,2,'2020-06-13 19:54:01'),(156,87,282,4,'2020-06-13 19:54:01'),(157,6,84,2,'2020-06-13 19:54:01'),(158,85,293,1,'2020-06-13 19:54:01'),(159,149,123,1,'2020-06-13 19:54:01'),(160,19,123,3,'2020-06-13 19:54:01'),(161,18,174,3,'2020-06-13 19:54:01'),(162,149,95,3,'2020-06-13 19:54:01'),(163,8,141,1,'2020-06-13 19:54:01'),(164,75,285,2,'2020-06-13 19:54:01'),(165,61,83,1,'2020-06-13 19:54:01'),(166,150,143,2,'2020-06-13 19:54:01'),(167,84,180,2,'2020-06-13 19:54:01'),(168,124,47,2,'2020-06-13 19:54:01'),(169,5,75,1,'2020-06-13 19:54:01'),(170,7,227,3,'2020-06-13 19:54:01'),(171,137,197,3,'2020-06-13 19:54:01'),(172,113,37,2,'2020-06-13 19:54:01'),(173,60,278,2,'2020-06-13 19:54:01'),(174,58,191,1,'2020-06-13 19:54:01'),(175,27,255,3,'2020-06-13 19:54:01'),(176,141,181,1,'2020-06-13 19:54:01'),(177,27,86,4,'2020-06-13 19:54:01'),(178,98,160,3,'2020-06-13 19:54:01'),(179,4,287,3,'2020-06-13 19:54:01'),(180,91,283,4,'2020-06-13 19:54:01'),(181,98,173,4,'2020-06-13 19:54:01'),(182,133,194,3,'2020-06-13 19:54:01'),(183,141,291,1,'2020-06-13 19:54:01'),(184,32,298,2,'2020-06-13 19:54:01'),(185,94,49,4,'2020-06-13 19:54:01'),(186,26,18,4,'2020-06-13 19:54:01'),(187,113,120,3,'2020-06-13 19:54:01'),(188,73,65,3,'2020-06-13 19:54:01'),(189,71,144,4,'2020-06-13 19:54:01'),(190,75,159,1,'2020-06-13 19:54:01'),(191,25,113,2,'2020-06-13 19:54:01'),(192,117,227,2,'2020-06-13 19:54:01'),(193,141,107,4,'2020-06-13 19:54:01'),(194,115,274,2,'2020-06-13 19:54:01'),(195,97,116,4,'2020-06-13 19:54:01'),(196,124,39,1,'2020-06-13 19:54:01'),(197,73,270,1,'2020-06-13 19:54:01'),(198,75,110,2,'2020-06-13 19:54:01'),(199,87,262,3,'2020-06-13 19:54:01'),(200,83,254,3,'2020-06-13 19:54:01'),(201,59,54,3,'2020-06-13 19:54:01'),(202,21,145,1,'2020-06-13 19:54:01'),(203,86,249,2,'2020-06-13 19:54:01'),(204,105,51,4,'2020-06-13 19:54:01'),(205,41,24,3,'2020-06-13 19:54:01'),(206,103,197,1,'2020-06-13 19:54:01'),(207,26,56,2,'2020-06-13 19:54:01'),(208,71,38,1,'2020-06-13 19:54:01'),(209,115,43,2,'2020-06-13 19:54:01'),(210,94,270,3,'2020-06-13 19:54:01'),(211,54,289,3,'2020-06-13 19:54:01'),(212,118,219,2,'2020-06-13 19:54:01'),(213,37,111,1,'2020-06-13 19:54:01'),(214,61,218,2,'2020-06-13 19:54:01'),(215,126,292,2,'2020-06-13 19:54:01'),(216,127,48,2,'2020-06-13 19:54:01'),(217,125,109,2,'2020-06-13 19:54:01'),(218,85,244,2,'2020-06-13 19:54:01'),(219,64,3,4,'2020-06-13 19:54:01'),(220,126,260,4,'2020-06-13 19:54:01'),(221,76,15,3,'2020-06-13 19:54:01'),(222,86,182,2,'2020-06-13 19:54:01'),(223,122,20,4,'2020-06-13 19:54:01'),(224,47,252,2,'2020-06-13 19:54:01'),(225,127,118,2,'2020-06-13 19:54:01'),(226,147,178,1,'2020-06-13 19:54:01'),(227,55,221,3,'2020-06-13 19:54:01'),(228,107,242,4,'2020-06-13 19:54:01'),(229,8,175,3,'2020-06-13 19:54:01'),(230,147,199,2,'2020-06-13 19:54:01'),(231,131,73,3,'2020-06-13 19:54:01'),(232,35,114,1,'2020-06-13 19:54:01'),(233,134,250,2,'2020-06-13 19:54:01'),(234,148,128,1,'2020-06-13 19:54:01'),(235,95,183,1,'2020-06-13 19:54:01'),(236,138,39,4,'2020-06-13 19:54:01'),(237,19,273,1,'2020-06-13 19:54:01'),(238,20,38,1,'2020-06-13 19:54:01'),(239,124,121,3,'2020-06-13 19:54:01'),(240,77,272,1,'2020-06-13 19:54:01'),(241,44,138,2,'2020-06-13 19:54:01'),(242,101,37,3,'2020-06-13 19:54:01'),(243,96,113,4,'2020-06-13 19:54:01'),(244,112,235,3,'2020-06-13 19:54:01'),(245,10,81,1,'2020-06-13 19:54:01'),(246,146,119,1,'2020-06-13 19:54:01'),(247,20,139,4,'2020-06-13 19:54:01'),(248,32,87,4,'2020-06-13 19:54:01'),(249,31,172,1,'2020-06-13 19:54:01'),(250,77,249,3,'2020-06-13 19:54:01'),(251,85,293,1,'2020-06-13 19:54:01'),(252,9,205,1,'2020-06-13 19:54:01'),(253,27,44,1,'2020-06-13 19:54:01'),(254,81,28,4,'2020-06-13 19:54:01'),(255,148,107,4,'2020-06-13 19:54:01'),(256,15,300,3,'2020-06-13 19:54:01'),(257,73,99,1,'2020-06-13 19:54:01'),(258,1,127,1,'2020-06-13 19:54:01'),(259,36,265,3,'2020-06-13 19:54:01'),(260,130,63,2,'2020-06-13 19:54:01'),(261,99,275,3,'2020-06-13 19:54:01'),(262,44,189,2,'2020-06-13 19:54:01'),(263,72,172,2,'2020-06-13 19:54:01'),(264,64,253,4,'2020-06-13 19:54:01'),(265,19,250,4,'2020-06-13 19:54:01'),(266,66,246,4,'2020-06-13 19:54:01'),(267,70,292,2,'2020-06-13 19:54:01'),(268,59,174,3,'2020-06-13 19:54:01'),(269,130,51,1,'2020-06-13 19:54:01'),(270,107,246,4,'2020-06-13 19:54:01'),(271,58,5,4,'2020-06-13 19:54:01'),(272,87,36,4,'2020-06-13 19:54:01'),(273,139,12,2,'2020-06-13 19:54:01'),(274,3,239,4,'2020-06-13 19:54:01'),(275,44,193,2,'2020-06-13 19:54:01'),(276,117,263,1,'2020-06-13 19:54:01'),(277,84,206,4,'2020-06-13 19:54:01'),(278,106,75,1,'2020-06-13 19:54:01'),(279,148,140,2,'2020-06-13 19:54:01'),(280,81,157,1,'2020-06-13 19:54:01'),(281,66,57,3,'2020-06-13 19:54:01'),(282,87,3,2,'2020-06-13 19:54:01'),(283,71,134,4,'2020-06-13 19:54:01'),(284,113,90,1,'2020-06-13 19:54:01'),(285,52,291,4,'2020-06-13 19:54:01'),(286,21,79,4,'2020-06-13 19:54:01'),(287,106,244,4,'2020-06-13 19:54:01'),(288,54,276,3,'2020-06-13 19:54:01'),(289,124,169,2,'2020-06-13 19:54:01'),(290,9,67,4,'2020-06-13 19:54:01'),(291,16,193,4,'2020-06-13 19:54:01'),(292,87,60,1,'2020-06-13 19:54:01'),(293,98,148,3,'2020-06-13 19:54:01'),(294,20,23,4,'2020-06-13 19:54:01'),(295,111,208,2,'2020-06-13 19:54:01'),(296,37,129,2,'2020-06-13 19:54:01'),(297,117,192,4,'2020-06-13 19:54:01'),(298,60,116,3,'2020-06-13 19:54:01'),(299,88,200,3,'2020-06-13 19:54:01'),(300,137,243,2,'2020-06-13 19:54:01');
/*!40000 ALTER TABLE `likes` ENABLE KEYS */;
UNLOCK TABLES;

--
-- Table structure for table `media`
--

DROP TABLE IF EXISTS `media`;
/*!40101 SET @saved_cs_client     = @@character_set_client */;
/*!50503 SET character_set_client = utf8mb4 */;
CREATE TABLE `media` (
  `id` int unsigned NOT NULL AUTO_INCREMENT,
  `media_type_id` int unsigned NOT NULL,
  `user_id` int unsigned NOT NULL,
  `filename` varchar(255) CHARACTER SET utf8 COLLATE utf8_unicode_ci NOT NULL,
  `size` int NOT NULL,
  `metadata` json DEFAULT NULL,
  `created_at` datetime DEFAULT CURRENT_TIMESTAMP,
  `updated_at` datetime DEFAULT CURRENT_TIMESTAMP ON UPDATE CURRENT_TIMESTAMP,
  PRIMARY KEY (`id`),
  KEY `media_user_id_fk` (`user_id`),
  KEY `media_media_type_id_fk` (`media_type_id`),
  CONSTRAINT `media_media_type_id_fk` FOREIGN KEY (`media_type_id`) REFERENCES `media_types` (`id`),
  CONSTRAINT `media_user_id_fk` FOREIGN KEY (`user_id`) REFERENCES `users` (`id`),
  CONSTRAINT `media_chk_1` CHECK (json_valid(`metadata`))
) ENGINE=InnoDB AUTO_INCREMENT=301 DEFAULT CHARSET=utf8 COLLATE=utf8_unicode_ci;
/*!40101 SET character_set_client = @saved_cs_client */;

--
-- Dumping data for table `media`
--

LOCK TABLES `media` WRITE;
/*!40000 ALTER TABLE `media` DISABLE KEYS */;
INSERT INTO `media` VALUES (1,1,39,'https://dropbox.com/instagram/13211.avi',6223689,'{\"owner\": \"Dixie Lind\"}','2017-12-16 02:29:22','2020-06-11 15:00:42'),(2,2,141,'https://dropbox.com/instagram/17037.gif',880478,'{\"owner\": \"Alba Bergnaum\"}','2014-04-13 20:06:47','2020-06-11 15:00:42'),(3,3,44,'https://dropbox.com/instagram/23609.avi',54302381,'{\"owner\": \"Assunta Schneider\"}','2013-03-05 02:19:05','2020-06-11 15:00:42'),(4,1,124,'https://dropbox.com/instagram/28158.gif',1004670,'{\"owner\": \"Dudley Yost\"}','2015-11-05 14:43:47','2020-06-11 15:00:42'),(5,2,43,'https://dropbox.com/instagram/15876.jpeg',4763434,'{\"owner\": \"Don Hamill\"}','2017-07-21 04:20:39','2020-06-11 15:00:42'),(6,3,33,'https://dropbox.com/instagram/14786.jpeg',1645355,'{\"owner\": \"Jada Osinski\"}','2013-04-22 08:03:18','2020-06-11 15:00:42'),(7,1,76,'https://dropbox.com/instagram/15698.jpeg',324467,'{\"owner\": \"Shemar Schiller\"}','2017-07-16 22:30:54','2020-06-11 15:00:42'),(8,2,59,'https://dropbox.com/instagram/16937.avi',304163,'{\"owner\": \"Gudrun Swaniawski\"}','2013-01-28 19:18:55','2020-06-11 15:00:42'),(9,3,138,'https://dropbox.com/instagram/27957.jpeg',2869,'{\"owner\": \"Judy Rutherford\"}','2015-09-26 16:53:09','2020-06-11 15:00:42'),(10,1,70,'https://dropbox.com/instagram/27421.jpeg',496806,'{\"owner\": \"Chaz Stamm\"}','2014-06-26 06:02:14','2020-06-11 15:00:42'),(11,2,32,'https://dropbox.com/instagram/11190.gif',561540,'{\"owner\": \"Turner Kutch\"}','2017-05-26 22:20:22','2020-06-11 15:00:42'),(12,3,68,'https://dropbox.com/instagram/27057.gif',21153,'{\"owner\": \"Syble Ortiz\"}','2014-12-01 08:36:14','2020-06-11 15:00:42'),(13,1,18,'https://dropbox.com/instagram/24485.avi',4010774,'{\"owner\": \"Randi Romaguera\"}','2017-01-06 07:21:24','2020-06-11 15:00:42'),(14,2,114,'https://dropbox.com/instagram/16851.avi',540062184,'{\"owner\": \"Faye Skiles\"}','2016-08-10 15:09:10','2020-06-11 15:00:42'),(15,3,80,'https://dropbox.com/instagram/26879.gif',190956,'{\"owner\": \"Samara Ernser\"}','2011-06-30 20:19:00','2020-06-11 15:00:42'),(16,1,55,'https://dropbox.com/instagram/24801.gif',307283,'{\"owner\": \"Marcella Emard\"}','2012-01-18 12:48:45','2020-06-11 15:00:42'),(17,2,78,'https://dropbox.com/instagram/19482.avi',219665,'{\"owner\": \"Alexa Moen\"}','2016-05-22 16:54:53','2020-06-11 15:00:42'),(18,3,21,'https://dropbox.com/instagram/23704.avi',9485208,'{\"owner\": \"Ivah Aufderhar\"}','2012-11-03 08:27:16','2020-06-11 15:00:42'),(19,1,87,'https://dropbox.com/instagram/22581.jpeg',8417,'{\"owner\": \"Augusta Leffler\"}','2017-07-15 02:12:23','2020-06-11 15:00:42'),(20,2,43,'https://dropbox.com/instagram/15256.jpeg',841793,'{\"owner\": \"Don Hamill\"}','2019-01-08 07:41:03','2020-06-11 15:00:42'),(21,3,64,'https://dropbox.com/instagram/14036.avi',900861031,'{\"owner\": \"Sheridan Kiehn\"}','2013-05-28 03:43:47','2020-06-11 15:00:42'),(22,1,13,'https://dropbox.com/instagram/28703.jpeg',277120,'{\"owner\": \"Coleman Abernathy\"}','2016-08-07 22:33:04','2020-06-11 15:00:42'),(23,2,142,'https://dropbox.com/instagram/18363.jpeg',757823909,'{\"owner\": \"Vern Goyette\"}','2014-01-09 18:47:53','2020-06-11 15:00:42'),(24,3,121,'https://dropbox.com/instagram/23549.jpeg',172026934,'{\"owner\": \"Alda Haag\"}','2015-07-29 14:48:08','2020-06-11 15:00:42'),(25,1,59,'https://dropbox.com/instagram/20094.jpeg',33471,'{\"owner\": \"Gudrun Swaniawski\"}','2012-06-09 03:48:20','2020-06-11 15:00:42'),(26,2,34,'https://dropbox.com/instagram/14800.gif',850221,'{\"owner\": \"Frances Stracke\"}','2014-10-11 02:39:55','2020-06-11 15:00:42'),(27,3,41,'https://dropbox.com/instagram/18930.avi',409745,'{\"owner\": \"Jackson Christiansen\"}','2011-06-11 11:31:52','2020-06-11 15:00:42'),(28,1,129,'https://dropbox.com/instagram/24214.gif',488063,'{\"owner\": \"Jeffrey Bruen\"}','2011-07-05 02:34:12','2020-06-11 15:00:42'),(29,2,24,'https://dropbox.com/instagram/22242.avi',201080,'{\"owner\": \"Guy Hauck\"}','2012-02-19 06:20:50','2020-06-11 15:00:42'),(30,3,19,'https://dropbox.com/instagram/17763.jpeg',531213,'{\"owner\": \"Claudie Becker\"}','2011-10-18 09:47:22','2020-06-11 15:00:42'),(31,1,112,'https://dropbox.com/instagram/21132.avi',42823,'{\"owner\": \"Kristin Dach\"}','2016-03-19 02:51:08','2020-06-11 15:00:42'),(32,2,62,'https://dropbox.com/instagram/19479.gif',1716408,'{\"owner\": \"Mireya O\'Connell\"}','2019-09-21 15:17:35','2020-06-11 15:00:42'),(33,3,9,'https://dropbox.com/instagram/19678.avi',628837171,'{\"owner\": \"Tamia Okuneva\"}','2013-04-27 05:25:42','2020-06-11 15:00:42'),(34,1,5,'https://dropbox.com/instagram/21751.jpeg',968895,'{\"owner\": \"Eryn Marks\"}','2013-09-03 17:18:29','2020-06-11 15:00:42'),(35,2,36,'https://dropbox.com/instagram/16954.jpeg',80519942,'{\"owner\": \"Jarrett Collier\"}','2014-05-10 00:31:23','2020-06-11 15:00:42'),(36,3,52,'https://dropbox.com/instagram/23614.gif',29159,'{\"owner\": \"Rosario Buckridge\"}','2015-06-05 21:21:18','2020-06-11 15:00:42'),(37,1,38,'https://dropbox.com/instagram/16328.jpeg',610476,'{\"owner\": \"Lizzie Parisian\"}','2019-03-25 17:34:14','2020-06-11 15:00:42'),(38,2,111,'https://dropbox.com/instagram/17808.avi',45483,'{\"owner\": \"Tavares Kuhic\"}','2018-12-10 17:12:42','2020-06-11 15:00:42'),(39,3,110,'https://dropbox.com/instagram/15707.jpeg',913913,'{\"owner\": \"Maude Schowalter\"}','2016-01-05 19:53:35','2020-06-11 15:00:42'),(40,1,26,'https://dropbox.com/instagram/15229.avi',4203,'{\"owner\": \"Raheem Rempel\"}','2010-09-01 07:31:07','2020-06-11 15:00:42'),(41,2,31,'https://dropbox.com/instagram/21528.avi',20514278,'{\"owner\": \"Kyleigh Runolfsdottir\"}','2014-03-22 14:51:43','2020-06-11 15:00:42'),(42,3,142,'https://dropbox.com/instagram/20622.jpeg',475045,'{\"owner\": \"Vern Goyette\"}','2020-04-21 16:10:22','2020-06-11 15:00:42'),(43,1,93,'https://dropbox.com/instagram/19604.gif',3168962,'{\"owner\": \"Abby Lubowitz\"}','2019-11-09 10:51:36','2020-06-11 15:00:42'),(44,2,48,'https://dropbox.com/instagram/23879.avi',728139,'{\"owner\": \"Rhea Renner\"}','2015-03-21 15:30:04','2020-06-11 15:00:42'),(45,3,105,'https://dropbox.com/instagram/12721.avi',651792353,'{\"owner\": \"Marianna Moen\"}','2015-04-29 09:35:18','2020-06-11 15:00:42'),(46,1,23,'https://dropbox.com/instagram/19205.jpeg',44207,'{\"owner\": \"Selmer Shields\"}','2019-10-15 23:24:36','2020-06-11 15:00:42'),(47,2,103,'https://dropbox.com/instagram/27175.avi',888954,'{\"owner\": \"Selena Kulas\"}','2018-08-31 22:43:40','2020-06-11 15:00:42'),(48,3,32,'https://dropbox.com/instagram/15659.jpeg',91316,'{\"owner\": \"Turner Kutch\"}','2020-04-08 22:38:22','2020-06-11 15:00:42'),(49,1,43,'https://dropbox.com/instagram/19816.jpeg',47023,'{\"owner\": \"Don Hamill\"}','2015-04-21 08:50:55','2020-06-11 15:00:42'),(50,2,40,'https://dropbox.com/instagram/18800.avi',250353,'{\"owner\": \"Dulce Beatty\"}','2011-09-08 02:12:15','2020-06-11 15:00:42'),(51,3,75,'https://dropbox.com/instagram/13286.jpeg',4649305,'{\"owner\": \"Bettye Glover\"}','2017-04-14 00:28:43','2020-06-11 15:00:42'),(52,1,107,'https://dropbox.com/instagram/24624.gif',469623,'{\"owner\": \"Alia Dickinson\"}','2011-09-18 02:40:02','2020-06-11 15:00:42'),(53,2,53,'https://dropbox.com/instagram/19817.avi',6086619,'{\"owner\": \"Vincenza Steuber\"}','2011-12-28 18:44:19','2020-06-11 15:00:42'),(54,3,67,'https://dropbox.com/instagram/12815.jpeg',574905,'{\"owner\": \"Darwin Ryan\"}','2014-07-19 14:28:35','2020-06-11 15:00:42'),(55,1,77,'https://dropbox.com/instagram/20565.jpeg',9530989,'{\"owner\": \"Jakob Goldner\"}','2012-07-09 01:33:15','2020-06-11 15:00:42'),(56,2,112,'https://dropbox.com/instagram/25755.avi',6011022,'{\"owner\": \"Kristin Dach\"}','2019-08-12 23:20:40','2020-06-11 15:00:42'),(57,3,100,'https://dropbox.com/instagram/18511.avi',113465,'{\"owner\": \"Mohammad Dooley\"}','2019-02-05 00:17:00','2020-06-11 15:00:42'),(58,1,118,'https://dropbox.com/instagram/13155.gif',9094,'{\"owner\": \"Lavern Simonis\"}','2018-12-03 09:27:17','2020-06-11 15:00:42'),(59,2,90,'https://dropbox.com/instagram/22939.avi',427930194,'{\"owner\": \"Marcelle Franecki\"}','2010-10-30 23:36:25','2020-06-11 15:00:42'),(60,3,124,'https://dropbox.com/instagram/12808.jpeg',138098,'{\"owner\": \"Dudley Yost\"}','2011-04-03 05:28:35','2020-06-11 15:00:42'),(61,1,136,'https://dropbox.com/instagram/25090.gif',832613,'{\"owner\": \"Brielle Simonis\"}','2019-09-25 00:46:38','2020-06-11 15:00:42'),(62,2,52,'https://dropbox.com/instagram/18673.avi',992469490,'{\"owner\": \"Rosario Buckridge\"}','2013-10-18 11:59:04','2020-06-11 15:00:42'),(63,3,36,'https://dropbox.com/instagram/22655.gif',812668,'{\"owner\": \"Jarrett Collier\"}','2016-02-24 12:56:56','2020-06-11 15:00:42'),(64,1,145,'https://dropbox.com/instagram/28277.gif',42962,'{\"owner\": \"Titus Kuphal\"}','2015-11-08 22:34:41','2020-06-11 15:00:42'),(65,2,57,'https://dropbox.com/instagram/14108.jpeg',9076,'{\"owner\": \"Cali Bogisich\"}','2012-04-11 11:43:04','2020-06-11 15:00:42'),(66,3,71,'https://dropbox.com/instagram/18824.gif',573072815,'{\"owner\": \"Aiden Haag\"}','2011-04-21 08:44:15','2020-06-11 15:00:42'),(67,1,47,'https://dropbox.com/instagram/23879.jpeg',232817991,'{\"owner\": \"Leda Cummerata\"}','2011-10-03 22:32:47','2020-06-11 15:00:42'),(68,2,95,'https://dropbox.com/instagram/15743.jpeg',555503,'{\"owner\": \"Arlo Stokes\"}','2018-04-01 22:01:20','2020-06-11 15:00:42'),(69,3,32,'https://dropbox.com/instagram/15877.gif',71500543,'{\"owner\": \"Turner Kutch\"}','2017-02-22 08:49:48','2020-06-11 15:00:42'),(70,1,7,'https://dropbox.com/instagram/20759.avi',329512,'{\"owner\": \"Elmo Champlin\"}','2019-03-08 21:00:22','2020-06-11 15:00:42'),(71,2,121,'https://dropbox.com/instagram/24300.avi',971052,'{\"owner\": \"Alda Haag\"}','2011-06-30 16:41:11','2020-06-11 15:00:42'),(72,3,62,'https://dropbox.com/instagram/23716.gif',712606,'{\"owner\": \"Mireya O\'Connell\"}','2020-04-06 18:48:32','2020-06-11 15:00:42'),(73,1,148,'https://dropbox.com/instagram/16419.avi',856722,'{\"owner\": \"Berneice Cassin\"}','2017-04-20 22:14:23','2020-06-11 15:00:42'),(74,2,64,'https://dropbox.com/instagram/20754.avi',360456,'{\"owner\": \"Sheridan Kiehn\"}','2017-11-03 08:33:39','2020-06-11 15:00:42'),(75,3,110,'https://dropbox.com/instagram/18709.gif',222113,'{\"owner\": \"Maude Schowalter\"}','2012-12-12 14:54:44','2020-06-11 15:00:42'),(76,1,103,'https://dropbox.com/instagram/26126.jpeg',5871,'{\"owner\": \"Selena Kulas\"}','2013-02-28 17:57:51','2020-06-11 15:00:42'),(77,2,86,'https://dropbox.com/instagram/15903.gif',85472480,'{\"owner\": \"Stefan Huel\"}','2017-05-06 04:05:12','2020-06-11 15:00:42'),(78,3,63,'https://dropbox.com/instagram/28797.gif',19197,'{\"owner\": \"Lavern Kling\"}','2013-01-23 21:53:42','2020-06-11 15:00:42'),(79,1,135,'https://dropbox.com/instagram/19247.avi',419648,'{\"owner\": \"Zora Kutch\"}','2010-11-11 20:21:26','2020-06-11 15:00:42'),(80,2,129,'https://dropbox.com/instagram/19424.gif',9229061,'{\"owner\": \"Jeffrey Bruen\"}','2011-11-09 08:51:53','2020-06-11 15:00:42'),(81,3,102,'https://dropbox.com/instagram/13520.gif',30650,'{\"owner\": \"Helene Walsh\"}','2015-06-30 15:02:07','2020-06-11 15:00:42'),(82,1,59,'https://dropbox.com/instagram/14281.avi',884306,'{\"owner\": \"Gudrun Swaniawski\"}','2019-04-13 09:38:17','2020-06-11 15:00:42'),(83,2,85,'https://dropbox.com/instagram/13203.gif',319582,'{\"owner\": \"Don Paucek\"}','2020-02-22 12:09:15','2020-06-11 15:00:42'),(84,3,4,'https://dropbox.com/instagram/22185.gif',934993,'{\"owner\": \"Calista Blick\"}','2015-10-14 08:47:45','2020-06-11 15:00:42'),(85,1,125,'https://dropbox.com/instagram/10105.jpeg',96486014,'{\"owner\": \"Kiana Feest\"}','2013-05-01 03:15:49','2020-06-11 15:00:42'),(86,2,12,'https://dropbox.com/instagram/19282.gif',44135291,'{\"owner\": \"Rebeka Wintheiser\"}','2019-08-07 21:42:43','2020-06-11 15:00:42'),(87,3,116,'https://dropbox.com/instagram/25256.avi',706220,'{\"owner\": \"Daija Hahn\"}','2015-11-09 22:33:48','2020-06-11 15:00:42'),(88,1,75,'https://dropbox.com/instagram/10952.gif',9986,'{\"owner\": \"Bettye Glover\"}','2011-07-21 13:58:11','2020-06-11 15:00:42'),(89,2,130,'https://dropbox.com/instagram/20913.avi',716120,'{\"owner\": \"Freeda Crist\"}','2011-10-28 21:26:36','2020-06-11 15:00:42'),(90,3,55,'https://dropbox.com/instagram/16262.gif',21416,'{\"owner\": \"Marcella Emard\"}','2020-01-06 02:08:23','2020-06-11 15:00:42'),(91,1,48,'https://dropbox.com/instagram/13958.gif',3320,'{\"owner\": \"Rhea Renner\"}','2011-10-10 16:01:13','2020-06-11 15:00:42'),(92,2,115,'https://dropbox.com/instagram/20406.gif',451939,'{\"owner\": \"Brandi Stark\"}','2011-10-30 00:47:11','2020-06-11 15:00:42'),(93,3,107,'https://dropbox.com/instagram/18678.avi',59270054,'{\"owner\": \"Alia Dickinson\"}','2011-06-13 23:32:42','2020-06-11 15:00:42'),(94,1,83,'https://dropbox.com/instagram/23921.jpeg',3963352,'{\"owner\": \"Keanu Schultz\"}','2010-12-21 05:02:20','2020-06-11 15:00:42'),(95,2,110,'https://dropbox.com/instagram/22073.jpeg',101339,'{\"owner\": \"Maude Schowalter\"}','2019-07-01 01:18:20','2020-06-11 15:00:42'),(96,3,14,'https://dropbox.com/instagram/23583.avi',890309,'{\"owner\": \"Josue Purdy\"}','2013-09-29 14:03:20','2020-06-11 15:00:42'),(97,1,4,'https://dropbox.com/instagram/11049.gif',53947554,'{\"owner\": \"Calista Blick\"}','2010-07-10 05:01:12','2020-06-11 15:00:42'),(98,2,6,'https://dropbox.com/instagram/29648.gif',140877,'{\"owner\": \"Lois Aufderhar\"}','2019-09-25 17:52:44','2020-06-11 15:00:42'),(99,3,109,'https://dropbox.com/instagram/24288.gif',390367,'{\"owner\": \"Hettie Hermiston\"}','2019-06-08 14:57:38','2020-06-11 15:00:42'),(100,1,35,'https://dropbox.com/instagram/19359.jpeg',519206,'{\"owner\": \"Marjorie Rowe\"}','2018-04-13 06:34:56','2020-06-11 15:00:42'),(101,2,13,'https://dropbox.com/instagram/22926.jpeg',414929,'{\"owner\": \"Coleman Abernathy\"}','2020-05-29 15:52:48','2020-06-11 15:00:42'),(102,3,79,'https://dropbox.com/instagram/25584.avi',71570,'{\"owner\": \"Mellie Mosciski\"}','2013-04-24 00:42:32','2020-06-11 15:00:42'),(103,1,97,'https://dropbox.com/instagram/28294.gif',972549496,'{\"owner\": \"Cecelia Yost\"}','2018-05-02 00:39:25','2020-06-11 15:00:42'),(104,2,10,'https://dropbox.com/instagram/22608.avi',507027,'{\"owner\": \"Liam Jones\"}','2015-04-13 08:00:12','2020-06-11 15:00:42'),(105,3,142,'https://dropbox.com/instagram/12908.gif',4294534,'{\"owner\": \"Vern Goyette\"}','2013-08-27 06:13:24','2020-06-11 15:00:42'),(106,1,57,'https://dropbox.com/instagram/26239.jpeg',280347,'{\"owner\": \"Cali Bogisich\"}','2019-10-28 08:37:19','2020-06-11 15:00:42'),(107,2,112,'https://dropbox.com/instagram/24566.avi',16117,'{\"owner\": \"Kristin Dach\"}','2015-08-18 17:35:13','2020-06-11 15:00:42'),(108,3,78,'https://dropbox.com/instagram/11035.gif',28700,'{\"owner\": \"Alexa Moen\"}','2016-04-11 15:05:54','2020-06-11 15:00:42'),(109,1,119,'https://dropbox.com/instagram/25284.gif',5388956,'{\"owner\": \"Theron Gulgowski\"}','2011-08-18 11:05:14','2020-06-11 15:00:42'),(110,2,96,'https://dropbox.com/instagram/28811.jpeg',870656,'{\"owner\": \"Royal Mraz\"}','2011-01-18 01:34:50','2020-06-11 15:00:42'),(111,3,56,'https://dropbox.com/instagram/24117.gif',5367,'{\"owner\": \"Jammie Luettgen\"}','2016-05-06 06:10:36','2020-06-11 15:00:42'),(112,1,71,'https://dropbox.com/instagram/28684.jpeg',502238,'{\"owner\": \"Aiden Haag\"}','2016-04-18 02:06:43','2020-06-11 15:00:42'),(113,2,5,'https://dropbox.com/instagram/15172.avi',889222,'{\"owner\": \"Eryn Marks\"}','2014-05-03 03:30:09','2020-06-11 15:00:42'),(114,3,140,'https://dropbox.com/instagram/10690.avi',369238,'{\"owner\": \"Zackery Carroll\"}','2010-06-19 13:47:47','2020-06-11 15:00:42'),(115,1,74,'https://dropbox.com/instagram/28000.avi',24329,'{\"owner\": \"Katharina Mayer\"}','2010-12-15 14:51:02','2020-06-11 15:00:42'),(116,2,129,'https://dropbox.com/instagram/28095.jpeg',91133000,'{\"owner\": \"Jeffrey Bruen\"}','2017-05-05 05:36:36','2020-06-11 15:00:42'),(117,3,2,'https://dropbox.com/instagram/18761.gif',3452478,'{\"owner\": \"Gerda Nitzsche\"}','2015-03-18 09:45:02','2020-06-11 15:00:42'),(118,1,39,'https://dropbox.com/instagram/29570.gif',269651659,'{\"owner\": \"Dixie Lind\"}','2011-07-27 03:41:33','2020-06-11 15:00:42'),(119,2,54,'https://dropbox.com/instagram/12887.gif',58111338,'{\"owner\": \"Damon Grimes\"}','2017-10-08 15:27:01','2020-06-11 15:00:42'),(120,3,131,'https://dropbox.com/instagram/15121.avi',19151,'{\"owner\": \"Mariane Hegmann\"}','2013-05-22 00:33:03','2020-06-11 15:00:42'),(121,1,94,'https://dropbox.com/instagram/12659.gif',264646,'{\"owner\": \"Rebeca Berge\"}','2011-12-18 04:44:30','2020-06-11 15:00:42'),(122,2,101,'https://dropbox.com/instagram/27517.jpeg',685267,'{\"owner\": \"Sonia Dibbert\"}','2015-07-30 04:10:00','2020-06-11 15:00:42'),(123,3,96,'https://dropbox.com/instagram/23096.gif',5105585,'{\"owner\": \"Royal Mraz\"}','2011-07-27 02:54:28','2020-06-11 15:00:42'),(124,1,51,'https://dropbox.com/instagram/23270.jpeg',8896128,'{\"owner\": \"Jeromy Nader\"}','2019-06-27 22:52:31','2020-06-11 15:00:42'),(125,2,34,'https://dropbox.com/instagram/20997.avi',35583,'{\"owner\": \"Frances Stracke\"}','2018-11-03 16:02:37','2020-06-11 15:00:42'),(126,3,55,'https://dropbox.com/instagram/27329.avi',608440,'{\"owner\": \"Marcella Emard\"}','2013-01-29 10:48:06','2020-06-11 15:00:42'),(127,1,65,'https://dropbox.com/instagram/23075.jpeg',132790323,'{\"owner\": \"Jacquelyn Veum\"}','2013-04-11 22:40:34','2020-06-11 15:00:42'),(128,2,38,'https://dropbox.com/instagram/11365.jpeg',929398,'{\"owner\": \"Lizzie Parisian\"}','2014-01-08 11:08:06','2020-06-11 15:00:42'),(129,3,61,'https://dropbox.com/instagram/19326.avi',969324,'{\"owner\": \"Shaun Orn\"}','2011-11-27 03:06:46','2020-06-11 15:00:42'),(130,1,23,'https://dropbox.com/instagram/18240.jpeg',48426,'{\"owner\": \"Selmer Shields\"}','2015-01-30 23:29:04','2020-06-11 15:00:42'),(131,2,73,'https://dropbox.com/instagram/20921.jpeg',46324,'{\"owner\": \"Marques Kessler\"}','2011-01-30 08:49:05','2020-06-11 15:00:42'),(132,3,73,'https://dropbox.com/instagram/28463.gif',324160,'{\"owner\": \"Marques Kessler\"}','2016-03-25 16:34:58','2020-06-11 15:00:42'),(133,1,102,'https://dropbox.com/instagram/18349.gif',63536,'{\"owner\": \"Helene Walsh\"}','2010-11-08 14:10:44','2020-06-11 15:00:42'),(134,2,19,'https://dropbox.com/instagram/18405.gif',6732,'{\"owner\": \"Claudie Becker\"}','2016-03-25 20:34:57','2020-06-11 15:00:42'),(135,3,83,'https://dropbox.com/instagram/16831.jpeg',42357,'{\"owner\": \"Keanu Schultz\"}','2019-06-15 05:05:52','2020-06-11 15:00:42'),(136,1,93,'https://dropbox.com/instagram/12472.jpeg',29101122,'{\"owner\": \"Abby Lubowitz\"}','2018-05-02 11:11:37','2020-06-11 15:00:42'),(137,2,76,'https://dropbox.com/instagram/24713.avi',465522,'{\"owner\": \"Shemar Schiller\"}','2015-05-31 12:03:53','2020-06-11 15:00:42'),(138,3,44,'https://dropbox.com/instagram/16465.gif',1834493,'{\"owner\": \"Assunta Schneider\"}','2016-01-14 10:42:26','2020-06-11 15:00:42'),(139,1,20,'https://dropbox.com/instagram/15709.avi',345129,'{\"owner\": \"Arden Dare\"}','2013-06-17 22:46:27','2020-06-11 15:00:42'),(140,2,44,'https://dropbox.com/instagram/24552.jpeg',319081,'{\"owner\": \"Assunta Schneider\"}','2015-09-03 18:03:41','2020-06-11 15:00:42'),(141,3,140,'https://dropbox.com/instagram/19132.jpeg',550018,'{\"owner\": \"Zackery Carroll\"}','2017-10-15 04:03:07','2020-06-11 15:00:42'),(142,1,76,'https://dropbox.com/instagram/23702.jpeg',5900,'{\"owner\": \"Shemar Schiller\"}','2018-04-19 05:53:06','2020-06-11 15:00:42'),(143,2,114,'https://dropbox.com/instagram/10326.avi',782847,'{\"owner\": \"Faye Skiles\"}','2017-08-05 18:53:47','2020-06-11 15:00:42'),(144,3,145,'https://dropbox.com/instagram/11961.avi',420087465,'{\"owner\": \"Titus Kuphal\"}','2019-07-18 02:00:09','2020-06-11 15:00:42'),(145,1,66,'https://dropbox.com/instagram/16497.jpeg',12803978,'{\"owner\": \"Burley Ratke\"}','2015-04-30 23:40:21','2020-06-11 15:00:42'),(146,2,38,'https://dropbox.com/instagram/19769.avi',504481605,'{\"owner\": \"Lizzie Parisian\"}','2018-01-23 17:58:06','2020-06-11 15:00:42'),(147,3,124,'https://dropbox.com/instagram/14475.gif',254180,'{\"owner\": \"Dudley Yost\"}','2019-11-02 09:43:12','2020-06-11 15:00:42'),(148,1,67,'https://dropbox.com/instagram/13767.gif',70578,'{\"owner\": \"Darwin Ryan\"}','2019-09-24 04:44:29','2020-06-11 15:00:42'),(149,2,77,'https://dropbox.com/instagram/19705.jpeg',39696,'{\"owner\": \"Jakob Goldner\"}','2015-08-21 09:59:16','2020-06-11 15:00:42'),(150,3,27,'https://dropbox.com/instagram/13826.avi',9001,'{\"owner\": \"Brad Cartwright\"}','2017-03-06 16:53:43','2020-06-11 15:00:42'),(151,1,47,'https://dropbox.com/instagram/16294.avi',4059,'{\"owner\": \"Leda Cummerata\"}','2014-09-23 12:13:12','2020-06-11 15:00:42'),(152,2,21,'https://dropbox.com/instagram/19031.gif',912362,'{\"owner\": \"Ivah Aufderhar\"}','2019-09-24 10:32:13','2020-06-11 15:00:42'),(153,3,128,'https://dropbox.com/instagram/17840.jpeg',74346023,'{\"owner\": \"Cristopher Lemke\"}','2016-12-28 08:56:15','2020-06-11 15:00:42'),(154,1,142,'https://dropbox.com/instagram/27607.gif',990686,'{\"owner\": \"Vern Goyette\"}','2019-05-28 19:16:28','2020-06-11 15:00:42'),(155,2,72,'https://dropbox.com/instagram/14262.avi',365757375,'{\"owner\": \"Cassidy Kshlerin\"}','2010-09-16 01:08:10','2020-06-11 15:00:42'),(156,3,11,'https://dropbox.com/instagram/25857.gif',789271,'{\"owner\": \"Barrett Pagac\"}','2018-12-24 22:00:41','2020-06-11 15:00:42'),(157,1,47,'https://dropbox.com/instagram/23717.jpeg',199267,'{\"owner\": \"Leda Cummerata\"}','2019-11-21 16:17:49','2020-06-11 15:00:42'),(158,2,136,'https://dropbox.com/instagram/10561.gif',618522,'{\"owner\": \"Brielle Simonis\"}','2018-01-19 23:17:39','2020-06-11 15:00:42'),(159,3,49,'https://dropbox.com/instagram/11579.gif',484810,'{\"owner\": \"Braden Greenfelder\"}','2019-10-09 13:20:15','2020-06-11 15:00:42'),(160,1,107,'https://dropbox.com/instagram/26328.jpeg',558486,'{\"owner\": \"Alia Dickinson\"}','2010-11-29 12:42:29','2020-06-11 15:00:42'),(161,2,9,'https://dropbox.com/instagram/22673.gif',328000,'{\"owner\": \"Tamia Okuneva\"}','2012-06-19 23:49:09','2020-06-11 15:00:42'),(162,3,121,'https://dropbox.com/instagram/14340.avi',27474103,'{\"owner\": \"Alda Haag\"}','2020-05-16 07:54:31','2020-06-11 15:00:42'),(163,1,30,'https://dropbox.com/instagram/12337.gif',8617,'{\"owner\": \"Cade Smith\"}','2017-06-14 04:20:35','2020-06-11 15:00:42'),(164,2,110,'https://dropbox.com/instagram/20083.gif',954540,'{\"owner\": \"Maude Schowalter\"}','2019-03-02 08:07:51','2020-06-11 15:00:42'),(165,3,140,'https://dropbox.com/instagram/19279.avi',778704,'{\"owner\": \"Zackery Carroll\"}','2017-11-14 22:12:47','2020-06-11 15:00:42'),(166,1,112,'https://dropbox.com/instagram/16179.gif',19898,'{\"owner\": \"Kristin Dach\"}','2010-09-29 09:39:49','2020-06-11 15:00:42'),(167,2,53,'https://dropbox.com/instagram/17970.gif',753380,'{\"owner\": \"Vincenza Steuber\"}','2016-08-09 04:01:02','2020-06-11 15:00:42'),(168,3,65,'https://dropbox.com/instagram/23458.jpeg',964642,'{\"owner\": \"Jacquelyn Veum\"}','2015-03-21 11:15:24','2020-06-11 15:00:42'),(169,1,6,'https://dropbox.com/instagram/20746.avi',8055530,'{\"owner\": \"Lois Aufderhar\"}','2018-10-16 07:05:34','2020-06-11 15:00:42'),(170,2,73,'https://dropbox.com/instagram/26045.gif',76880489,'{\"owner\": \"Marques Kessler\"}','2020-01-05 08:08:39','2020-06-11 15:00:42'),(171,3,109,'https://dropbox.com/instagram/23057.jpeg',697207,'{\"owner\": \"Hettie Hermiston\"}','2010-07-08 03:20:21','2020-06-11 15:00:42'),(172,1,146,'https://dropbox.com/instagram/29180.gif',18877934,'{\"owner\": \"Berry McDermott\"}','2010-10-08 08:29:36','2020-06-11 15:00:42'),(173,2,148,'https://dropbox.com/instagram/11109.gif',215894,'{\"owner\": \"Berneice Cassin\"}','2016-12-23 16:36:00','2020-06-11 15:00:42'),(174,3,72,'https://dropbox.com/instagram/17077.jpeg',48800,'{\"owner\": \"Cassidy Kshlerin\"}','2010-10-15 06:15:09','2020-06-11 15:00:42'),(175,1,140,'https://dropbox.com/instagram/27772.gif',977850,'{\"owner\": \"Zackery Carroll\"}','2019-07-18 04:18:58','2020-06-11 15:00:42'),(176,2,63,'https://dropbox.com/instagram/12792.gif',733962070,'{\"owner\": \"Lavern Kling\"}','2012-10-11 14:25:54','2020-06-11 15:00:42'),(177,3,110,'https://dropbox.com/instagram/28274.avi',359588438,'{\"owner\": \"Maude Schowalter\"}','2012-03-25 01:12:37','2020-06-11 15:00:42'),(178,1,113,'https://dropbox.com/instagram/11882.avi',2669,'{\"owner\": \"Einar Kirlin\"}','2012-04-02 07:17:48','2020-06-11 15:00:42'),(179,2,129,'https://dropbox.com/instagram/15331.jpeg',81018470,'{\"owner\": \"Jeffrey Bruen\"}','2010-10-24 08:34:53','2020-06-11 15:00:42'),(180,3,36,'https://dropbox.com/instagram/26372.jpeg',9323,'{\"owner\": \"Jarrett Collier\"}','2013-07-31 23:56:29','2020-06-11 15:00:42'),(181,1,140,'https://dropbox.com/instagram/13869.avi',231568,'{\"owner\": \"Zackery Carroll\"}','2019-09-20 06:57:34','2020-06-11 15:00:42'),(182,2,26,'https://dropbox.com/instagram/11157.jpeg',90441,'{\"owner\": \"Raheem Rempel\"}','2014-02-18 15:55:58','2020-06-11 15:00:42'),(183,3,56,'https://dropbox.com/instagram/13481.jpeg',9459591,'{\"owner\": \"Jammie Luettgen\"}','2012-07-14 22:38:36','2020-06-11 15:00:42'),(184,1,117,'https://dropbox.com/instagram/10416.jpeg',214293,'{\"owner\": \"Jimmy Flatley\"}','2020-04-09 00:43:34','2020-06-11 15:00:42'),(185,2,17,'https://dropbox.com/instagram/10854.gif',366758,'{\"owner\": \"Judge Tremblay\"}','2013-11-04 22:17:42','2020-06-11 15:00:42'),(186,3,127,'https://dropbox.com/instagram/29365.jpeg',180913,'{\"owner\": \"Jacynthe Carroll\"}','2019-07-27 09:36:56','2020-06-11 15:00:42'),(187,1,128,'https://dropbox.com/instagram/23168.jpeg',794292,'{\"owner\": \"Cristopher Lemke\"}','2014-04-22 05:41:47','2020-06-11 15:00:42'),(188,2,63,'https://dropbox.com/instagram/18091.avi',418719,'{\"owner\": \"Lavern Kling\"}','2013-01-04 15:43:21','2020-06-11 15:00:42'),(189,3,113,'https://dropbox.com/instagram/18824.jpeg',700723,'{\"owner\": \"Einar Kirlin\"}','2015-06-01 06:09:53','2020-06-11 15:00:42'),(190,1,26,'https://dropbox.com/instagram/21457.jpeg',237456,'{\"owner\": \"Raheem Rempel\"}','2016-11-10 05:36:36','2020-06-11 15:00:42'),(191,2,20,'https://dropbox.com/instagram/25144.avi',85461,'{\"owner\": \"Arden Dare\"}','2010-07-12 23:35:25','2020-06-11 15:00:42'),(192,3,121,'https://dropbox.com/instagram/16638.jpeg',552751,'{\"owner\": \"Alda Haag\"}','2013-04-25 15:45:33','2020-06-11 15:00:42'),(193,1,147,'https://dropbox.com/instagram/20183.avi',75114,'{\"owner\": \"Melody Hettinger\"}','2017-12-25 10:45:35','2020-06-11 15:00:42'),(194,2,49,'https://dropbox.com/instagram/25155.gif',653201,'{\"owner\": \"Braden Greenfelder\"}','2012-06-11 11:45:50','2020-06-11 15:00:42'),(195,3,80,'https://dropbox.com/instagram/23509.gif',459729,'{\"owner\": \"Samara Ernser\"}','2010-10-16 22:27:00','2020-06-11 15:00:42'),(196,1,136,'https://dropbox.com/instagram/16106.avi',30665,'{\"owner\": \"Brielle Simonis\"}','2019-08-07 09:05:50','2020-06-11 15:00:42'),(197,2,11,'https://dropbox.com/instagram/10221.gif',80591,'{\"owner\": \"Barrett Pagac\"}','2010-07-30 22:39:40','2020-06-11 15:00:42'),(198,3,132,'https://dropbox.com/instagram/11241.gif',47268230,'{\"owner\": \"Aylin Jacobs\"}','2012-07-19 15:28:11','2020-06-11 15:00:42'),(199,1,51,'https://dropbox.com/instagram/18070.avi',4245,'{\"owner\": \"Jeromy Nader\"}','2014-06-25 02:32:39','2020-06-11 15:00:42'),(200,2,17,'https://dropbox.com/instagram/17703.gif',183721,'{\"owner\": \"Judge Tremblay\"}','2019-08-01 01:27:43','2020-06-11 15:00:42'),(201,3,55,'https://dropbox.com/instagram/18481.gif',816609,'{\"owner\": \"Marcella Emard\"}','2016-08-04 10:34:57','2020-06-11 15:00:42'),(202,1,9,'https://dropbox.com/instagram/15125.jpeg',62101,'{\"owner\": \"Tamia Okuneva\"}','2017-02-04 13:19:23','2020-06-11 15:00:42'),(203,2,12,'https://dropbox.com/instagram/21020.gif',521884,'{\"owner\": \"Rebeka Wintheiser\"}','2016-08-26 10:10:55','2020-06-11 15:00:42'),(204,3,52,'https://dropbox.com/instagram/14792.gif',97829545,'{\"owner\": \"Rosario Buckridge\"}','2017-08-14 16:24:27','2020-06-11 15:00:42'),(205,1,81,'https://dropbox.com/instagram/21325.gif',12998459,'{\"owner\": \"Macie Koch\"}','2018-03-22 08:22:45','2020-06-11 15:00:42'),(206,2,2,'https://dropbox.com/instagram/26322.jpeg',81407914,'{\"owner\": \"Gerda Nitzsche\"}','2016-09-20 19:26:39','2020-06-11 15:00:42'),(207,3,115,'https://dropbox.com/instagram/11311.jpeg',149596,'{\"owner\": \"Brandi Stark\"}','2014-02-10 03:25:15','2020-06-11 15:00:42'),(208,1,40,'https://dropbox.com/instagram/17591.gif',237512609,'{\"owner\": \"Dulce Beatty\"}','2013-04-21 05:30:19','2020-06-11 15:00:42'),(209,2,115,'https://dropbox.com/instagram/27852.avi',172325,'{\"owner\": \"Brandi Stark\"}','2020-04-12 18:46:25','2020-06-11 15:00:42'),(210,3,93,'https://dropbox.com/instagram/18411.avi',50875415,'{\"owner\": \"Abby Lubowitz\"}','2012-01-02 06:01:48','2020-06-11 15:00:42'),(211,1,75,'https://dropbox.com/instagram/28997.gif',2793,'{\"owner\": \"Bettye Glover\"}','2011-08-06 06:36:01','2020-06-11 15:00:42'),(212,2,104,'https://dropbox.com/instagram/24715.gif',402838,'{\"owner\": \"Jamey Nienow\"}','2012-01-11 06:13:49','2020-06-11 15:00:42'),(213,3,119,'https://dropbox.com/instagram/18678.gif',456201,'{\"owner\": \"Theron Gulgowski\"}','2015-06-04 14:16:59','2020-06-11 15:00:42'),(214,1,131,'https://dropbox.com/instagram/14746.gif',355979,'{\"owner\": \"Mariane Hegmann\"}','2019-12-17 15:52:05','2020-06-11 15:00:42'),(215,2,70,'https://dropbox.com/instagram/14933.jpeg',750582,'{\"owner\": \"Chaz Stamm\"}','2010-10-10 23:35:24','2020-06-11 15:00:42'),(216,3,135,'https://dropbox.com/instagram/17677.avi',487217,'{\"owner\": \"Zora Kutch\"}','2017-06-17 03:40:33','2020-06-11 15:00:42'),(217,1,108,'https://dropbox.com/instagram/23640.jpeg',3934,'{\"owner\": \"Timothy Green\"}','2018-01-09 09:58:53','2020-06-11 15:00:42'),(218,2,48,'https://dropbox.com/instagram/26839.gif',993806960,'{\"owner\": \"Rhea Renner\"}','2018-10-30 10:48:57','2020-06-11 15:00:42'),(219,3,48,'https://dropbox.com/instagram/21240.avi',9968,'{\"owner\": \"Rhea Renner\"}','2017-06-05 19:14:40','2020-06-11 15:00:42'),(220,1,70,'https://dropbox.com/instagram/21289.gif',217569,'{\"owner\": \"Chaz Stamm\"}','2017-04-28 21:16:08','2020-06-11 15:00:42'),(221,2,73,'https://dropbox.com/instagram/11923.gif',424157,'{\"owner\": \"Marques Kessler\"}','2010-12-18 06:10:53','2020-06-11 15:00:42'),(222,3,68,'https://dropbox.com/instagram/15162.avi',616197,'{\"owner\": \"Syble Ortiz\"}','2012-09-27 06:04:10','2020-06-11 15:00:42'),(223,1,40,'https://dropbox.com/instagram/24893.gif',418280,'{\"owner\": \"Dulce Beatty\"}','2012-05-03 05:37:40','2020-06-11 15:00:42'),(224,2,70,'https://dropbox.com/instagram/20302.jpeg',232807,'{\"owner\": \"Chaz Stamm\"}','2015-03-26 01:57:30','2020-06-11 15:00:42'),(225,3,117,'https://dropbox.com/instagram/17324.avi',899198,'{\"owner\": \"Jimmy Flatley\"}','2014-05-24 06:14:13','2020-06-11 15:00:42'),(226,1,120,'https://dropbox.com/instagram/27978.gif',622617411,'{\"owner\": \"Baylee Balistreri\"}','2012-06-09 16:27:01','2020-06-11 15:00:42'),(227,2,56,'https://dropbox.com/instagram/23138.gif',787566,'{\"owner\": \"Jammie Luettgen\"}','2013-04-16 21:02:13','2020-06-11 15:00:42'),(228,3,127,'https://dropbox.com/instagram/20284.jpeg',230240,'{\"owner\": \"Jacynthe Carroll\"}','2016-10-10 07:07:34','2020-06-11 15:00:42'),(229,1,102,'https://dropbox.com/instagram/13264.gif',404848,'{\"owner\": \"Helene Walsh\"}','2014-11-28 04:00:02','2020-06-11 15:00:42'),(230,2,107,'https://dropbox.com/instagram/16758.avi',807002,'{\"owner\": \"Alia Dickinson\"}','2014-05-23 00:49:28','2020-06-11 15:00:42'),(231,3,143,'https://dropbox.com/instagram/23679.gif',14793230,'{\"owner\": \"Hertha Raynor\"}','2016-01-17 21:46:01','2020-06-11 15:00:42'),(232,1,6,'https://dropbox.com/instagram/14780.gif',28417,'{\"owner\": \"Lois Aufderhar\"}','2020-02-13 11:04:03','2020-06-11 15:00:42'),(233,2,115,'https://dropbox.com/instagram/21486.gif',728432879,'{\"owner\": \"Brandi Stark\"}','2012-12-28 19:09:15','2020-06-11 15:00:42'),(234,3,5,'https://dropbox.com/instagram/22599.gif',778502,'{\"owner\": \"Eryn Marks\"}','2019-01-19 23:02:12','2020-06-11 15:00:42'),(235,1,58,'https://dropbox.com/instagram/21229.avi',191790,'{\"owner\": \"Katelin Marquardt\"}','2014-12-03 19:01:39','2020-06-11 15:00:42'),(236,2,46,'https://dropbox.com/instagram/21239.gif',613446,'{\"owner\": \"Stephanie Gutkowski\"}','2013-10-31 04:33:04','2020-06-11 15:00:42'),(237,3,6,'https://dropbox.com/instagram/15683.jpeg',60757640,'{\"owner\": \"Lois Aufderhar\"}','2014-09-06 09:37:17','2020-06-11 15:00:42'),(238,1,22,'https://dropbox.com/instagram/28872.jpeg',481861,'{\"owner\": \"Viva Rosenbaum\"}','2010-07-15 15:48:33','2020-06-11 15:00:42'),(239,2,85,'https://dropbox.com/instagram/22790.avi',558967,'{\"owner\": \"Don Paucek\"}','2013-02-12 10:14:14','2020-06-11 15:00:42'),(240,3,120,'https://dropbox.com/instagram/28473.gif',339252,'{\"owner\": \"Baylee Balistreri\"}','2014-04-22 03:52:23','2020-06-11 15:00:42'),(241,1,115,'https://dropbox.com/instagram/10458.avi',1009358,'{\"owner\": \"Brandi Stark\"}','2019-08-08 20:40:06','2020-06-11 15:00:42'),(242,2,10,'https://dropbox.com/instagram/10822.avi',19037,'{\"owner\": \"Liam Jones\"}','2012-06-28 04:09:48','2020-06-11 15:00:42'),(243,3,74,'https://dropbox.com/instagram/15080.gif',21721,'{\"owner\": \"Katharina Mayer\"}','2016-08-07 16:30:54','2020-06-11 15:00:42'),(244,1,83,'https://dropbox.com/instagram/25991.avi',57109,'{\"owner\": \"Keanu Schultz\"}','2018-09-23 10:59:19','2020-06-11 15:00:42'),(245,2,140,'https://dropbox.com/instagram/23661.avi',756679789,'{\"owner\": \"Zackery Carroll\"}','2015-04-21 19:03:09','2020-06-11 15:00:42'),(246,3,144,'https://dropbox.com/instagram/20644.avi',983190002,'{\"owner\": \"Janet Hegmann\"}','2014-03-13 04:35:09','2020-06-11 15:00:42'),(247,1,68,'https://dropbox.com/instagram/14456.gif',218436,'{\"owner\": \"Syble Ortiz\"}','2020-04-23 23:21:44','2020-06-11 15:00:42'),(248,2,97,'https://dropbox.com/instagram/16253.jpeg',8754616,'{\"owner\": \"Cecelia Yost\"}','2013-06-30 03:33:09','2020-06-11 15:00:42'),(249,3,41,'https://dropbox.com/instagram/13896.gif',910854,'{\"owner\": \"Jackson Christiansen\"}','2012-05-28 00:47:07','2020-06-11 15:00:42'),(250,1,115,'https://dropbox.com/instagram/19943.gif',888960,'{\"owner\": \"Brandi Stark\"}','2018-04-22 09:23:25','2020-06-11 15:00:42'),(251,2,16,'https://dropbox.com/instagram/25021.avi',8927,'{\"owner\": \"Gerardo Haag\"}','2013-06-21 15:01:09','2020-06-11 15:00:42'),(252,3,114,'https://dropbox.com/instagram/16795.jpeg',314212459,'{\"owner\": \"Faye Skiles\"}','2015-04-22 22:40:13','2020-06-11 15:00:42'),(253,1,33,'https://dropbox.com/instagram/24080.jpeg',702241,'{\"owner\": \"Jada Osinski\"}','2017-05-31 04:21:54','2020-06-11 15:00:42'),(254,2,56,'https://dropbox.com/instagram/29094.jpeg',834326,'{\"owner\": \"Jammie Luettgen\"}','2014-06-16 01:28:42','2020-06-11 15:00:42'),(255,3,33,'https://dropbox.com/instagram/18806.avi',54909,'{\"owner\": \"Jada Osinski\"}','2011-12-01 11:37:33','2020-06-11 15:00:42'),(256,1,149,'https://dropbox.com/instagram/23841.avi',761564,'{\"owner\": \"Bernita Stark\"}','2012-02-09 11:43:38','2020-06-11 15:00:42'),(257,2,26,'https://dropbox.com/instagram/24472.jpeg',767108513,'{\"owner\": \"Raheem Rempel\"}','2017-03-04 14:41:35','2020-06-11 15:00:42'),(258,3,89,'https://dropbox.com/instagram/12931.avi',3185468,'{\"owner\": \"Marge Stanton\"}','2018-10-11 03:42:31','2020-06-11 15:00:42'),(259,1,126,'https://dropbox.com/instagram/23159.avi',9312,'{\"owner\": \"Gwendolyn Howe\"}','2016-02-15 11:54:48','2020-06-11 15:00:42'),(260,2,127,'https://dropbox.com/instagram/26360.jpeg',898374411,'{\"owner\": \"Jacynthe Carroll\"}','2019-05-27 10:49:01','2020-06-11 15:00:42'),(261,3,45,'https://dropbox.com/instagram/15641.gif',633094,'{\"owner\": \"Amara Adams\"}','2015-04-26 05:47:57','2020-06-11 15:00:42'),(262,1,119,'https://dropbox.com/instagram/19707.jpeg',89404,'{\"owner\": \"Theron Gulgowski\"}','2018-09-25 08:08:16','2020-06-11 15:00:42'),(263,2,133,'https://dropbox.com/instagram/22823.jpeg',870780,'{\"owner\": \"Alba Beer\"}','2016-10-07 20:23:25','2020-06-11 15:00:42'),(264,3,9,'https://dropbox.com/instagram/22297.gif',68198,'{\"owner\": \"Tamia Okuneva\"}','2016-05-18 06:44:30','2020-06-11 15:00:42'),(265,1,123,'https://dropbox.com/instagram/29436.jpeg',444619,'{\"owner\": \"Russel Beier\"}','2013-02-09 03:13:48','2020-06-11 15:00:42'),(266,2,40,'https://dropbox.com/instagram/20749.gif',600756,'{\"owner\": \"Dulce Beatty\"}','2013-08-17 16:51:03','2020-06-11 15:00:42'),(267,3,54,'https://dropbox.com/instagram/22695.avi',54665300,'{\"owner\": \"Damon Grimes\"}','2011-05-18 18:23:41','2020-06-11 15:00:42'),(268,1,129,'https://dropbox.com/instagram/13746.jpeg',659922,'{\"owner\": \"Jeffrey Bruen\"}','2011-11-27 07:30:37','2020-06-11 15:00:42'),(269,2,61,'https://dropbox.com/instagram/26621.jpeg',6267,'{\"owner\": \"Shaun Orn\"}','2017-04-24 00:36:52','2020-06-11 15:00:42'),(270,3,139,'https://dropbox.com/instagram/27652.jpeg',86356804,'{\"owner\": \"Madelynn Rolfson\"}','2020-06-08 03:59:55','2020-06-11 15:00:42'),(271,1,99,'https://dropbox.com/instagram/18356.gif',99923,'{\"owner\": \"Sabrina Ratke\"}','2013-10-06 18:12:33','2020-06-11 15:00:42'),(272,2,25,'https://dropbox.com/instagram/26492.jpeg',985533,'{\"owner\": \"Aylin Kuhic\"}','2013-03-12 10:10:46','2020-06-11 15:00:42'),(273,3,148,'https://dropbox.com/instagram/10108.jpeg',7382,'{\"owner\": \"Berneice Cassin\"}','2014-03-18 01:12:36','2020-06-11 15:00:42'),(274,1,22,'https://dropbox.com/instagram/11275.gif',206253086,'{\"owner\": \"Viva Rosenbaum\"}','2010-12-22 03:18:05','2020-06-11 15:00:42'),(275,2,108,'https://dropbox.com/instagram/18833.gif',2976204,'{\"owner\": \"Timothy Green\"}','2019-11-20 14:20:15','2020-06-11 15:00:42'),(276,3,137,'https://dropbox.com/instagram/16704.gif',67468222,'{\"owner\": \"Ona O\'Connell\"}','2016-03-09 06:59:46','2020-06-11 15:00:42'),(277,1,15,'https://dropbox.com/instagram/14186.jpeg',8809722,'{\"owner\": \"Rafaela Gibson\"}','2019-07-09 12:16:07','2020-06-11 15:00:42'),(278,2,25,'https://dropbox.com/instagram/23035.jpeg',487345,'{\"owner\": \"Aylin Kuhic\"}','2010-08-17 07:23:51','2020-06-11 15:00:42'),(279,3,84,'https://dropbox.com/instagram/22070.gif',1203,'{\"owner\": \"Deonte Hermann\"}','2011-05-24 00:47:02','2020-06-11 15:00:42'),(280,1,55,'https://dropbox.com/instagram/14411.gif',4545331,'{\"owner\": \"Marcella Emard\"}','2014-10-15 16:18:04','2020-06-11 15:00:42'),(281,2,140,'https://dropbox.com/instagram/25427.avi',862441090,'{\"owner\": \"Zackery Carroll\"}','2016-08-17 13:48:20','2020-06-11 15:00:42'),(282,3,100,'https://dropbox.com/instagram/24153.jpeg',778956,'{\"owner\": \"Mohammad Dooley\"}','2019-08-29 22:36:21','2020-06-11 15:00:42'),(283,1,18,'https://dropbox.com/instagram/14924.gif',446957,'{\"owner\": \"Randi Romaguera\"}','2020-05-08 06:53:18','2020-06-11 15:00:42'),(284,2,22,'https://dropbox.com/instagram/12572.gif',762751,'{\"owner\": \"Viva Rosenbaum\"}','2011-07-09 15:38:49','2020-06-11 15:00:42'),(285,3,6,'https://dropbox.com/instagram/13344.gif',6261,'{\"owner\": \"Lois Aufderhar\"}','2018-09-18 18:44:05','2020-06-11 15:00:42'),(286,1,51,'https://dropbox.com/instagram/28814.jpeg',462885,'{\"owner\": \"Jeromy Nader\"}','2018-08-02 12:48:00','2020-06-11 15:00:42'),(287,2,21,'https://dropbox.com/instagram/12545.avi',16172,'{\"owner\": \"Ivah Aufderhar\"}','2018-09-09 08:18:56','2020-06-11 15:00:42'),(288,3,31,'https://dropbox.com/instagram/19266.avi',138680,'{\"owner\": \"Kyleigh Runolfsdottir\"}','2015-12-31 16:46:26','2020-06-11 15:00:42'),(289,1,139,'https://dropbox.com/instagram/22034.jpeg',75039227,'{\"owner\": \"Madelynn Rolfson\"}','2015-10-21 06:02:50','2020-06-11 15:00:42'),(290,2,146,'https://dropbox.com/instagram/27286.gif',8167,'{\"owner\": \"Berry McDermott\"}','2020-06-03 08:44:17','2020-06-11 15:00:42'),(291,3,7,'https://dropbox.com/instagram/24638.avi',682205,'{\"owner\": \"Elmo Champlin\"}','2012-06-27 08:24:48','2020-06-11 15:00:42'),(292,1,33,'https://dropbox.com/instagram/10897.gif',3822872,'{\"owner\": \"Jada Osinski\"}','2018-09-19 16:25:38','2020-06-11 15:00:42'),(293,2,114,'https://dropbox.com/instagram/12151.jpeg',352509,'{\"owner\": \"Faye Skiles\"}','2017-04-13 20:27:20','2020-06-11 15:00:42'),(294,3,140,'https://dropbox.com/instagram/15315.jpeg',705931,'{\"owner\": \"Zackery Carroll\"}','2019-12-29 20:32:07','2020-06-11 15:00:42'),(295,1,42,'https://dropbox.com/instagram/19039.avi',626496,'{\"owner\": \"Gerald Weber\"}','2010-08-15 10:17:05','2020-06-11 15:00:42'),(296,2,86,'https://dropbox.com/instagram/19901.gif',462129,'{\"owner\": \"Stefan Huel\"}','2010-07-26 18:51:33','2020-06-11 15:00:42'),(297,3,29,'https://dropbox.com/instagram/13963.gif',182850,'{\"owner\": \"Kameron Kihn\"}','2017-10-28 08:57:58','2020-06-11 15:00:42'),(298,1,96,'https://dropbox.com/instagram/27372.gif',5909896,'{\"owner\": \"Royal Mraz\"}','2019-12-28 01:51:55','2020-06-11 15:00:42'),(299,2,64,'https://dropbox.com/instagram/27632.jpeg',517866,'{\"owner\": \"Sheridan Kiehn\"}','2016-01-14 08:08:57','2020-06-11 15:00:42'),(300,3,89,'https://dropbox.com/instagram/10956.gif',606988254,'{\"owner\": \"Marge Stanton\"}','2013-12-17 17:54:12','2020-06-11 15:00:42');
/*!40000 ALTER TABLE `media` ENABLE KEYS */;
UNLOCK TABLES;

--
-- Temporary view structure for view `media_owner`
--

DROP TABLE IF EXISTS `media_owner`;
/*!50001 DROP VIEW IF EXISTS `media_owner`*/;
SET @saved_cs_client     = @@character_set_client;
/*!50503 SET character_set_client = utf8mb4 */;
/*!50001 CREATE VIEW `media_owner` AS SELECT 
 1 AS `filename`,
 1 AS `full_owners_name`*/;
SET character_set_client = @saved_cs_client;

--
-- Table structure for table `media_types`
--

DROP TABLE IF EXISTS `media_types`;
/*!40101 SET @saved_cs_client     = @@character_set_client */;
/*!50503 SET character_set_client = utf8mb4 */;
CREATE TABLE `media_types` (
  `id` int unsigned NOT NULL AUTO_INCREMENT,
  `name` varchar(255) CHARACTER SET utf8 COLLATE utf8_unicode_ci NOT NULL,
  PRIMARY KEY (`id`),
  UNIQUE KEY `name` (`name`)
) ENGINE=InnoDB AUTO_INCREMENT=4 DEFAULT CHARSET=utf8 COLLATE=utf8_unicode_ci;
/*!40101 SET character_set_client = @saved_cs_client */;

--
-- Dumping data for table `media_types`
--

LOCK TABLES `media_types` WRITE;
/*!40000 ALTER TABLE `media_types` DISABLE KEYS */;
INSERT INTO `media_types` VALUES (3,' GIF'),(1,' Photo'),(2,'Video');
/*!40000 ALTER TABLE `media_types` ENABLE KEYS */;
UNLOCK TABLES;

--
-- Table structure for table `messages`
--

DROP TABLE IF EXISTS `messages`;
/*!40101 SET @saved_cs_client     = @@character_set_client */;
/*!50503 SET character_set_client = utf8mb4 */;
CREATE TABLE `messages` (
  `id` int unsigned NOT NULL AUTO_INCREMENT,
  `from_user_id` int unsigned NOT NULL,
  `to_user_id` int unsigned NOT NULL,
  `body` text CHARACTER SET utf8 COLLATE utf8_unicode_ci NOT NULL,
  `is_important` tinyint(1) DEFAULT NULL,
  `is_delivered` tinyint(1) DEFAULT NULL,
  `created_at` datetime DEFAULT CURRENT_TIMESTAMP,
  PRIMARY KEY (`id`),
  KEY `messages_from_user_id_fk` (`from_user_id`),
  KEY `messages_to_user_id_fk` (`to_user_id`),
  CONSTRAINT `messages_from_user_id_fk` FOREIGN KEY (`from_user_id`) REFERENCES `users` (`id`),
  CONSTRAINT `messages_to_user_id_fk` FOREIGN KEY (`to_user_id`) REFERENCES `users` (`id`)
) ENGINE=InnoDB AUTO_INCREMENT=301 DEFAULT CHARSET=utf8 COLLATE=utf8_unicode_ci;
/*!40101 SET character_set_client = @saved_cs_client */;

--
-- Dumping data for table `messages`
--

LOCK TABLES `messages` WRITE;
/*!40000 ALTER TABLE `messages` DISABLE KEYS */;
INSERT INTO `messages` VALUES (1,24,37,'Aut qui repudiandae sequi vero. Quasi quidem qui ab natus soluta voluptate esse. Atque in enim est quidem non.',1,1,'2014-11-20 13:12:35'),(2,146,87,'Unde ipsam incidunt ipsa et. Cupiditate blanditiis error minus in. Sint autem voluptas ex autem magnam similique temporibus. Et natus sit dolore neque quis velit sint.',0,0,'2018-08-12 23:17:58'),(3,11,11,'Qui voluptas quo ut eveniet consequatur quae enim. Quasi id voluptatem adipisci. A atque placeat eum similique laudantium dolore. Eius reprehenderit est ad maiores odit fuga.',1,0,'2019-07-22 05:24:31'),(4,124,54,'Natus sapiente sunt voluptatem alias ut consequatur minima. Libero et ea temporibus ut. Est omnis est quae at et.',0,0,'2018-05-05 03:59:16'),(5,144,60,'Est repudiandae libero amet neque similique voluptate ut. Laudantium excepturi voluptate quo sequi culpa ut. Et vero accusamus quo commodi. Similique aperiam perspiciatis provident.',0,1,'2017-02-18 14:39:40'),(6,132,11,'Tenetur veritatis nihil ut voluptas. Expedita reiciendis quia rerum id sapiente. Amet dicta nesciunt praesentium laborum quibusdam excepturi eum.',0,0,'2019-09-27 03:02:16'),(7,95,21,'Non quo vel libero officia aperiam animi nihil in. Ea id blanditiis voluptatem voluptatem tempore et iure. Quidem dolores inventore impedit tempore animi esse ad.',0,1,'2011-05-27 05:50:23'),(8,110,35,'Dolores eius aut sit sunt rem quidem. Eveniet veritatis et non aliquam est ea consequatur. Accusantium odio minus enim eum ut dicta. Quas quae deleniti eius ut perferendis.',0,0,'2013-01-30 10:15:43'),(9,52,6,'In rerum consequuntur impedit velit non. Enim voluptatem omnis expedita ipsam provident dolor architecto. Eum perspiciatis labore temporibus sit et asperiores adipisci itaque.',1,0,'2017-11-13 03:10:49'),(10,115,127,'Est aliquam voluptas enim id recusandae non aut. Quas aut eveniet delectus. Qui repellat facere possimus dolores soluta.\nConsectetur dicta sed in laboriosam. Suscipit ut tenetur accusamus sunt.',1,1,'2014-06-01 01:09:15'),(11,50,107,'Reprehenderit qui ea id autem. Id maiores ut omnis enim expedita ullam explicabo quo. Et pariatur voluptas veritatis ea. Debitis doloremque aut sed cum temporibus.',0,1,'2011-08-08 10:55:14'),(12,120,57,'Qui veritatis aperiam rerum eum. Dolore laboriosam dignissimos dolores distinctio et. Non nobis consequuntur sed enim velit enim ut.',1,1,'2014-04-08 17:28:20'),(13,79,110,'Aperiam ipsam corrupti et ullam consequatur. Doloribus tenetur et ex est sed eligendi magni. Quia sed sunt doloribus aperiam nihil. Doloremque velit tempora tempora maiores accusantium accusantium.',1,1,'2016-06-13 10:17:04'),(14,140,111,'Commodi magnam hic quia et. Laudantium quo odio cum sed quod a iure. Aut sed inventore eius at explicabo aut.',0,1,'2017-02-10 06:01:47'),(15,149,110,'Sit iure facere rerum et minus rerum quis. Nesciunt voluptas nemo itaque. Fugiat necessitatibus est maxime omnis sed omnis blanditiis. Quam placeat aut totam.',0,1,'2014-07-29 11:46:27'),(16,30,22,'Iusto optio ex minima qui illo qui architecto velit. Quos odio a id quidem excepturi.',0,0,'2012-07-01 21:28:54'),(17,147,26,'Cumque aut sapiente nihil soluta. Fuga quo id incidunt. Exercitationem odio ea ipsa reprehenderit in.',0,1,'2015-07-02 04:58:12'),(18,109,8,'Quidem illum repellendus molestiae. Aut vel omnis ratione praesentium. Et molestiae et autem fuga enim.',0,1,'2016-06-12 08:48:20'),(19,36,82,'Veniam nisi enim iure ducimus ut sint et. Ipsam totam non aspernatur. Natus quas itaque non quam.',1,0,'2019-07-21 23:08:30'),(20,61,30,'Mollitia molestias vel excepturi itaque iste iusto. In accusantium quidem ducimus exercitationem quis doloribus. Et totam tempora omnis ut porro.',0,0,'2019-01-24 05:41:07'),(21,141,43,'Est omnis nam enim et. Exercitationem quod labore et aut architecto explicabo quasi totam. Impedit provident incidunt totam inventore ex et odit.',1,0,'2013-01-14 13:10:39'),(22,41,86,'Aut ut voluptas explicabo sit minus atque. Accusamus voluptatem repudiandae omnis laboriosam. Et odit iusto voluptatem atque sint. Nam qui eos corporis sed amet.',0,1,'2016-02-13 19:43:00'),(23,64,150,'Nihil debitis magni sed et ipsa. Aliquam voluptas adipisci voluptatem voluptates quidem aut. Magni mollitia cupiditate sed dicta qui dolor qui. Illo voluptatem tenetur corrupti id aut inventore.',1,1,'2019-04-05 15:58:21'),(24,120,116,'Magnam qui inventore officia odio est ab doloribus est. Animi officia omnis id est et. Aut corrupti dignissimos eius doloremque rerum reprehenderit voluptatibus in.',0,1,'2015-06-14 17:42:26'),(25,6,84,'Libero rerum eos facere id occaecati adipisci. Eaque et id ab sed eveniet in ut. Rerum accusantium assumenda tenetur quasi cupiditate aliquam voluptatum.',1,1,'2017-01-08 20:25:58'),(26,92,55,'Ut in qui totam est voluptatem. Odit maiores et aperiam quasi labore. Laboriosam corporis laudantium dicta assumenda. Repellat sed qui quasi.',0,0,'2018-04-30 17:44:16'),(27,41,62,'Soluta ad consequatur neque quia. Sed sint esse architecto iste excepturi repudiandae quasi. Illo dolores quis non odit vel quia. Eaque officia qui provident.',0,0,'2011-08-11 20:28:17'),(28,112,120,'Voluptas libero praesentium quis harum voluptatum. Non amet consectetur quod maxime aperiam nihil voluptatum. Labore facilis consequuntur tenetur quibusdam aliquid et aut.',1,0,'2013-02-11 19:36:07'),(29,21,102,'Esse aut eligendi temporibus pariatur autem at omnis. Consectetur qui repellendus voluptatem. Ea ab molestiae recusandae. Doloremque tempora sequi sint aliquid cumque.',0,0,'2012-09-10 15:24:39'),(30,81,20,'Sint impedit impedit minima repudiandae voluptatum quis. Aut earum eos odio iusto tenetur est aspernatur. Aliquid et facilis qui sed.',1,1,'2013-06-22 04:52:18'),(31,61,110,'Soluta dicta magni vitae sed. Nemo voluptate sint est corporis recusandae. Vel omnis ut in. Fugit odit et qui in possimus.',1,0,'2017-10-08 23:16:02'),(32,41,57,'Numquam quia et hic repellat aspernatur non eveniet blanditiis. Nobis mollitia repudiandae minima et. Inventore molestiae molestiae eos veritatis aperiam eveniet et.',0,1,'2014-06-21 20:45:34'),(33,135,149,'Cumque sed illum eum. Velit sint ratione illum sed dolores.\nAutem rerum similique ex enim. Quod quos inventore architecto amet maiores molestias. Officia voluptas non quo.',0,1,'2014-04-19 17:42:09'),(34,64,21,'Ducimus occaecati officiis quia ut sint in. Et et et et. Id qui repellat eius distinctio repellat.\nIpsa nulla illum dignissimos cumque ullam ullam animi. Voluptas qui reiciendis tenetur unde.',0,1,'2018-03-08 00:24:40'),(35,81,125,'Laborum velit maxime ut est at eum placeat assumenda. Ipsum quae laudantium molestias totam dolorum voluptatem quisquam sit. Non eos nemo et molestiae magni et.',1,0,'2016-07-06 12:47:09'),(36,51,71,'Et sit ea quos et hic aliquid excepturi. Voluptas et perspiciatis soluta iure. Nam nostrum voluptas nisi tempore sunt aliquid architecto debitis. Rerum eum facere veritatis nulla sapiente dolore.',1,0,'2014-09-24 06:43:15'),(37,17,91,'Consequatur numquam similique illo iure. Rerum repellendus asperiores facilis in non qui. Repellat aut exercitationem sit consectetur. Voluptas vero quia molestiae.',1,1,'2016-04-08 02:16:02'),(38,7,80,'Enim ea dignissimos voluptas iure amet aperiam. Reprehenderit voluptatem libero suscipit voluptatem ut consequatur. Mollitia nisi nostrum voluptatum consequuntur.',1,0,'2020-05-19 19:36:18'),(39,91,126,'Libero velit voluptas quo nisi. Cupiditate unde nihil debitis voluptatem.',0,0,'2010-10-13 22:47:54'),(40,45,96,'Dolorum dolor corrupti porro ad est. Exercitationem est id hic. Numquam culpa explicabo qui repellendus unde fugit cumque.',1,1,'2017-10-15 21:37:41'),(41,60,137,'Iste excepturi quis nihil ut. Commodi esse eius reprehenderit reiciendis odio non inventore consequatur. Tempore voluptas repellendus repudiandae nisi fugiat.',0,0,'2011-01-12 13:41:28'),(42,1,101,'Ut et quis omnis rem blanditiis et. Dicta adipisci aut maxime necessitatibus minus deserunt exercitationem. Similique atque occaecati culpa omnis non neque et. Officia qui tempora neque.',1,0,'2018-01-05 10:17:26'),(43,48,112,'Debitis et numquam explicabo consectetur. Molestiae itaque magnam neque a voluptates fuga. Est omnis numquam ut magni asperiores.',1,0,'2017-03-14 18:09:33'),(44,70,68,'Suscipit unde minima eius sit vel dolores consequatur. Sint reprehenderit consequatur rerum aut rerum distinctio. Officia eligendi maxime dolores cum excepturi quidem voluptatem amet.',0,0,'2014-11-27 09:26:38'),(45,63,150,'Voluptatem qui nobis enim eligendi. Dolor eveniet sed aut molestiae cum. Voluptas ullam eligendi eaque. Est impedit consequatur tempora veniam minus suscipit. Ut est voluptatem porro ut amet dolorem.',1,0,'2012-12-30 06:19:27'),(46,88,124,'Doloremque neque expedita quibusdam quasi ut dolores assumenda. Laborum eum autem exercitationem consequuntur. Velit est unde rerum.',0,0,'2012-09-24 12:28:14'),(47,110,128,'Unde sed iure fuga. Omnis ex voluptatum pariatur rerum ea magnam. Temporibus quia necessitatibus ut maxime et expedita. Laborum ratione quis qui minima nulla labore voluptatem.',0,1,'2014-06-19 00:19:26'),(48,30,94,'Sed voluptatem libero dolorem. Repellendus suscipit et fugit omnis minus. In autem molestiae unde repellendus ullam error ut. Est blanditiis in corporis delectus iste.',0,1,'2016-06-19 05:40:16'),(49,127,94,'Aut provident rerum unde est minima vel non. Eaque consectetur deserunt at porro. Earum quas pariatur accusamus. Quibusdam aperiam asperiores sunt nostrum a.',1,0,'2016-09-09 10:30:28'),(50,115,57,'Incidunt vel libero soluta ut repellendus quia cumque magnam. Enim consequatur inventore odit sed. Magni veritatis ducimus molestiae omnis cupiditate id.',1,0,'2017-10-04 14:06:47'),(51,68,16,'Commodi ut quia in deleniti id et dolorem pariatur. Dolores similique magnam quo id nostrum ab quibusdam vitae. Et magnam fugiat ex sunt aliquam debitis quo.',1,0,'2013-05-29 20:44:05'),(52,128,84,'Commodi optio tempore architecto laboriosam aut. Quaerat asperiores enim sequi. Magni optio doloribus nesciunt eos pariatur. Fugiat repudiandae dolorem quas modi qui accusamus animi.',1,1,'2011-11-07 02:51:09'),(53,106,134,'Deserunt asperiores distinctio dignissimos dolores nostrum voluptatem est. Eos velit est in a quos sint. Similique unde nemo amet eos mollitia voluptatem beatae alias.',0,1,'2010-12-01 12:25:25'),(54,13,47,'Et eveniet a voluptates aut laborum. Quidem exercitationem error eos amet est. Quis dolores in harum eum placeat ipsum.',0,0,'2018-06-25 20:35:41'),(55,110,58,'Illo a illum aut sint voluptatem. Ut voluptate sapiente voluptatem est voluptatem non. Aut saepe maiores molestiae qui in expedita. Eaque nemo laudantium consequatur qui corporis perferendis.',0,1,'2013-12-18 19:46:40'),(56,142,20,'Amet saepe omnis eos quas tempore rerum. Consequatur incidunt repudiandae incidunt unde nemo quis doloremque.',1,0,'2015-07-26 09:55:06'),(57,44,142,'Qui sit provident expedita eaque et. Ab excepturi laudantium accusantium dignissimos voluptates. Aut et est minus nulla molestiae in. Molestiae ratione placeat eius qui et.',0,1,'2018-11-17 18:42:45'),(58,120,91,'Culpa dolor sed totam et nisi veritatis aut. Culpa praesentium distinctio quam error. At deleniti mollitia omnis explicabo.',0,0,'2011-09-13 17:58:00'),(59,104,40,'Est ut voluptates at et magni culpa et. Omnis nisi nihil atque dolorem nihil illum. Nobis nihil quia est consectetur. Voluptatibus ab dignissimos voluptas magnam consequatur.',1,0,'2020-02-18 14:44:30'),(60,9,17,'Voluptatem sit eos ut cupiditate architecto tempore. Voluptates sint tempora quod hic corporis. Et voluptatem fugit accusantium.',1,0,'2017-12-21 21:26:49'),(61,40,96,'Id eligendi et ipsam distinctio non earum. Ut libero libero ipsam rerum commodi minus. Aut deleniti excepturi harum minima tempore sit nihil.',0,1,'2012-12-30 14:02:55'),(62,140,149,'Consectetur est quibusdam aut fuga quaerat dolores. Non minima omnis voluptas ea quaerat.',1,0,'2014-11-25 02:19:49'),(63,74,20,'Laboriosam aut consectetur perferendis ut. Vitae sit voluptas earum aliquam voluptatem reprehenderit. Quibusdam eum nesciunt eos autem vero expedita.',0,0,'2018-12-07 02:41:25'),(64,93,50,'Non similique aut mollitia quas. Sit harum at et animi corporis maxime perferendis. Sed id quae vel omnis ullam quidem mollitia.',1,0,'2013-03-06 11:57:56'),(65,113,57,'Labore dolorum dolores laudantium ut cumque dicta enim aut. Vel aut numquam ipsa sed odio. Nihil neque omnis ut dolor saepe.',1,1,'2015-07-21 16:34:05'),(66,107,30,'Et qui alias molestias reprehenderit. Animi aperiam et officia incidunt nisi. Sunt omnis quia reiciendis architecto veritatis et quod. Iusto architecto odio deserunt voluptatibus.',1,0,'2015-09-28 15:28:43'),(67,72,84,'Aliquam eveniet et ipsa blanditiis ipsa iure ipsum. Suscipit rem est ea voluptatum. Veniam ut quas omnis quasi voluptatem.',0,1,'2019-09-16 23:18:26'),(68,114,28,'Iusto exercitationem itaque possimus et. Laboriosam qui laborum fugiat at aut eligendi. Ipsa hic ea veniam recusandae ut.',0,0,'2014-01-22 00:56:34'),(69,68,127,'Corrupti quo et totam neque nostrum molestiae eaque possimus. Doloremque facere illo ut porro voluptas tenetur voluptas. Laboriosam iure quia cum debitis culpa sint inventore. Dolorem maiores ab vel.',1,1,'2018-09-13 05:11:42'),(70,74,27,'Voluptatem sed aut quibusdam quo dolorem. Voluptate cumque rerum dolores consectetur est eveniet et. Dolor dicta et perferendis dolorum. Vel neque repellat culpa.',0,1,'2018-11-03 10:23:08'),(71,34,66,'Dolorem voluptatem esse non expedita ut vero eveniet autem. Voluptatem et quos qui nulla sed. Omnis perferendis vero in et consequatur quas. Rerum praesentium quod expedita optio.',0,0,'2011-03-14 09:14:00'),(72,47,78,'Officiis magni enim molestiae recusandae cupiditate. Est quia et molestiae ut. Tempore qui ut rerum inventore atque tenetur quia. Ut iure aspernatur similique ab.',0,1,'2011-08-21 18:42:34'),(73,57,17,'Ex esse ut quam autem dolores qui. Omnis corrupti ut temporibus alias quos aut. Fugiat temporibus dolorem autem voluptatibus corporis inventore ad.',1,1,'2019-07-12 16:36:21'),(74,18,11,'Voluptatem eveniet nihil dolorem qui quis illum illo. Reprehenderit maiores voluptas sunt est beatae.\nExplicabo quis accusamus quisquam vitae. Modi neque ut natus error qui.',0,0,'2012-08-20 19:00:59'),(75,56,27,'Soluta non quasi iusto non quia optio ipsa. Enim aspernatur voluptas sit qui. Architecto ipsum et dolores est. Nisi animi aspernatur est quia pariatur odio necessitatibus.',0,1,'2015-06-18 14:04:04'),(76,28,96,'Ex magni iure nesciunt deleniti quia facere porro. Non sit quam error dolor non. Voluptas minus velit nihil et.',0,0,'2015-07-28 05:44:12'),(77,123,17,'Ipsum necessitatibus aut nam excepturi velit nam in. Laudantium animi quos itaque nesciunt necessitatibus dolorem eveniet sunt. Exercitationem ullam culpa nisi inventore ipsa ut ipsum.',0,1,'2019-05-05 01:28:26'),(78,94,46,'Laborum et veniam repellat corporis quia. Est veritatis ut illum dicta. Consequatur sunt natus quo reiciendis dicta deserunt. Animi nostrum expedita amet sit.',0,1,'2017-07-21 02:58:11'),(79,37,36,'Qui et omnis consequatur nisi omnis mollitia. Omnis et voluptatum dolor dolorem et. Eaque ipsam laborum autem illo. Est velit rerum et enim cum.',1,1,'2010-09-30 04:14:59'),(80,96,149,'Soluta nihil esse hic est voluptates doloremque. Non dolore et eius repellat modi deserunt ut. Aut porro doloribus in veniam hic ratione.',0,0,'2019-01-24 06:00:46'),(81,93,52,'Aut sed nisi dolorem. Maiores deleniti molestiae sunt consequatur. Quia dolores vitae magni expedita repellendus repellat distinctio. Quaerat est illo et et ipsa omnis assumenda dolorum.',0,0,'2014-06-24 22:55:15'),(82,29,15,'Quas sit et veniam autem unde adipisci. Architecto ratione quod doloribus. Enim nam nisi inventore quia. Deserunt nostrum quibusdam nobis at nulla earum quia.',0,1,'2013-11-30 05:25:42'),(83,136,142,'In consequatur consectetur delectus et nesciunt. Dolorum aut nemo natus. Quam quo quam ratione.',1,0,'2017-05-25 14:31:19'),(84,42,54,'Voluptas id a quis blanditiis. Et nemo sint voluptate deleniti. Molestiae minima enim aperiam quibusdam fugit. Dolorum consequatur dolorum porro et.',0,0,'2016-10-26 10:38:19'),(85,119,116,'Modi quisquam quod voluptas accusantium molestias. Voluptatum modi ipsum dolore explicabo. Repudiandae possimus et maxime non laboriosam aspernatur earum.',1,1,'2020-01-04 02:56:49'),(86,81,2,'In temporibus omnis aliquam fugiat. Et placeat provident velit doloremque fuga minus ut nihil. Animi praesentium officia iusto deleniti repellat. Unde accusantium inventore voluptas porro quae illum.',1,0,'2017-07-27 01:08:35'),(87,31,127,'Dolor facere fuga aut fuga. Reprehenderit voluptatibus autem aut ab. Quos est reiciendis possimus quod. Repellendus facilis nihil nostrum fugiat distinctio et.',1,1,'2013-02-16 13:18:41'),(88,80,88,'Sapiente est dolor cum voluptatem qui. Eaque nisi esse incidunt quis ex laudantium. Enim incidunt aut vero qui a. Neque eveniet hic iure quas ut.',1,0,'2017-11-26 22:42:33'),(89,143,98,'Blanditiis et cumque consequatur nisi. Aut dolores in aliquam asperiores nam.\nNumquam sint soluta sed reiciendis. Quia repellendus id nemo quia. Ut dolores nesciunt quidem quis.',0,0,'2014-08-25 22:32:00'),(90,99,49,'Enim tempora possimus quisquam nihil neque. Ipsam sit pariatur et beatae. Excepturi aliquam similique iure.',0,0,'2019-02-20 13:52:45'),(91,124,126,'Alias corporis quos voluptatem repellendus neque sit. Neque cum rerum excepturi nihil reprehenderit vero. Maxime tenetur deserunt dolorum nam possimus est asperiores.',0,0,'2018-03-06 14:34:43'),(92,144,97,'Repellat omnis sint dicta. Aut deserunt quo velit quas ratione suscipit distinctio. Voluptatum a soluta perspiciatis fugiat. Provident velit non inventore explicabo in.',0,1,'2018-07-05 17:06:55'),(93,143,88,'Reprehenderit quas aliquid nisi sed sit est tempora rerum. In iure debitis eos unde explicabo natus. Possimus quo et sed laborum doloribus et quo. Eligendi enim deserunt vero voluptatibus vel vitae.',0,1,'2011-10-31 05:43:20'),(94,142,29,'Provident molestiae dolorum asperiores et ratione consectetur. Culpa consequatur quaerat consequatur maiores voluptas quos.',0,0,'2013-01-07 12:05:58'),(95,123,88,'Est libero voluptatem accusamus ex. Placeat minima a voluptas qui perspiciatis. Odio corrupti corrupti facilis aliquid autem commodi. Rerum odio eaque voluptatem est.',1,0,'2016-12-01 07:59:51'),(96,28,66,'Et distinctio commodi ex non repellat. Optio architecto at quisquam corporis. Et adipisci ut veniam corporis quis perspiciatis vitae aut. Sed alias similique consequuntur deleniti ea dicta.',0,1,'2014-06-17 12:34:09'),(97,140,57,'Et reiciendis rerum consectetur ut sed. Veniam ut animi qui soluta. Nihil aliquid voluptates quidem commodi autem ad eveniet.',1,1,'2011-10-04 13:50:35'),(98,80,125,'Qui provident hic repellat ratione eveniet debitis. Et atque vitae aut. Perspiciatis sit voluptatem eligendi qui distinctio consequatur.',1,0,'2019-04-06 08:49:29'),(99,49,122,'Aut aut voluptas et mollitia illo et. Repudiandae praesentium nostrum enim ab tempore. Debitis explicabo quod laborum harum.',1,1,'2019-07-06 02:42:19'),(100,29,17,'Veniam qui saepe qui et. Sunt sunt sit quasi esse. Assumenda fugiat cumque error id.',0,0,'2014-09-08 03:52:49'),(101,88,109,'Nobis ipsam rerum rerum soluta eligendi. Impedit nulla fugit et quasi consectetur laudantium. Asperiores qui inventore dolore error.',0,0,'2020-03-17 14:53:40'),(102,19,119,'Quidem porro dolor est est iusto. Fugit dolorem reiciendis repudiandae consequatur eligendi dolore. Unde distinctio earum placeat quo eius.',0,1,'2019-06-18 14:59:05'),(103,85,98,'Aut blanditiis quo amet fugiat unde. Officia eligendi quos atque. Quis exercitationem et excepturi nostrum.',0,1,'2018-10-30 08:33:00'),(104,56,78,'Est consectetur a ad quos cum. Consectetur omnis error dolor illum. Possimus corporis ducimus porro sunt quae ut ab.',1,0,'2012-07-04 16:04:51'),(105,45,5,'Saepe et ut exercitationem laboriosam voluptatem. Reiciendis ipsum explicabo voluptatem aspernatur nisi tempora. Itaque rerum maiores laudantium.',0,0,'2013-12-11 01:34:36'),(106,127,19,'Ab molestias aliquid qui. Dolor aliquid at incidunt enim tempora dolore. Non numquam dolorem aperiam vero rerum labore molestiae. Earum harum id molestias aperiam.',1,0,'2012-03-14 10:19:10'),(107,130,121,'Adipisci et labore repellat et accusamus neque inventore non. Est fugiat maiores illo minima sunt. Veniam numquam eos omnis quae. Veniam et molestiae magni earum.',1,0,'2017-06-03 10:36:20'),(108,115,122,'Est quo vel quas aut soluta quae quibusdam. Alias facere ea accusantium rerum. Reiciendis deleniti sapiente magni aut autem ab nam. Est consectetur distinctio et quasi dicta et asperiores illum.',1,0,'2018-05-04 14:56:32'),(109,58,107,'Qui a autem id impedit quo. Sit dolore ut quia est id nisi dolorem. Necessitatibus consequuntur vel unde quidem.',1,1,'2015-12-22 11:40:08'),(110,1,30,'Enim earum in eligendi nisi. Excepturi impedit iure alias mollitia aliquam. Eveniet corrupti saepe molestiae qui cumque ab qui. Quod et est suscipit.',0,0,'2017-08-02 07:18:17'),(111,44,28,'Qui aut voluptate doloremque est possimus eum. Vitae id distinctio soluta optio. Animi similique perferendis itaque dolor.',0,1,'2016-04-06 19:43:25'),(112,96,33,'Veritatis consequatur aperiam ea quaerat voluptatem. Ipsam vitae et reiciendis qui. Qui aut consectetur laudantium rerum.',1,0,'2019-01-09 19:24:52'),(113,84,25,'Nisi quos earum eum officia dolor quia. Nemo sequi temporibus quia officia voluptatem laborum. At animi fugit ipsum sed.',1,0,'2013-05-15 11:36:27'),(114,8,132,'Numquam est sit qui corrupti. Ea totam officiis iusto cumque quaerat. Soluta enim saepe et perferendis. Autem omnis sequi sint ipsa.',0,1,'2019-11-09 02:22:35'),(115,147,36,'Qui eos rerum dolorem laborum dolorem voluptas. Rem et sint sapiente. Porro consectetur iusto facilis quia perspiciatis et unde rerum. Magnam quia officia fugiat cum.',0,0,'2014-02-18 11:28:43'),(116,148,84,'Est est praesentium harum adipisci accusantium sequi veniam. Non et qui deserunt reiciendis. Eaque sed tenetur nostrum doloremque repellendus voluptate.',1,0,'2013-11-01 02:43:44'),(117,144,17,'Nisi ad asperiores sit deleniti. Nihil natus consequatur commodi incidunt. Est dicta eveniet omnis asperiores. Quia in praesentium sequi quaerat labore sint. Vero qui totam delectus repellat.',1,0,'2014-04-23 08:03:30'),(118,52,79,'Quod expedita nobis omnis. Inventore quo sint ex illo. Libero id et eum ex nihil non. Cumque architecto voluptas placeat sed cupiditate quia numquam distinctio.',1,1,'2014-11-14 11:42:03'),(119,114,108,'Nemo magnam ut quasi dignissimos hic aspernatur. Voluptas quis voluptas totam qui quis aperiam ut. Incidunt eum inventore enim exercitationem nobis eligendi.',0,1,'2016-05-16 05:23:21'),(120,7,8,'Quod molestias tempore voluptas quod. Voluptates fugit unde doloremque quia. Eos consequuntur explicabo tenetur aliquid libero qui. Ab et praesentium sit ut aut est.',0,0,'2014-05-08 09:36:11'),(121,112,133,'Et sint repellendus ipsum ratione numquam odit. Libero velit ut voluptas a vel. Culpa distinctio et ut quasi doloremque sed labore. Consequatur eos aperiam quo eum alias voluptatem voluptate.',0,1,'2017-01-24 13:21:40'),(122,26,91,'Ab ullam nobis consequatur iste. Voluptas ut dicta accusamus et aut. Praesentium delectus sit voluptatibus deserunt et velit harum. Temporibus error porro autem molestiae eos.',0,1,'2016-02-14 22:46:44'),(123,103,141,'Laboriosam velit rerum maiores accusantium accusamus est. Animi eum in sed qui omnis. Quia quis veniam quas accusantium suscipit rem praesentium dolorem. Molestiae ut veniam ullam aliquam saepe.',1,1,'2011-07-22 22:26:31'),(124,63,10,'Sint perferendis voluptatum voluptas nobis tempora. Animi id ipsam aperiam neque. Facilis omnis aliquid aut reiciendis. Praesentium perspiciatis consequatur consectetur ut voluptatem voluptatem vel.',1,0,'2014-10-17 19:56:54'),(125,97,63,'Ut eveniet culpa est sequi fugiat quis. Qui ut totam ratione nam quaerat est accusantium. Quaerat aut nihil sed labore. Qui fugit est dicta aut. Similique voluptate ut adipisci ut vel fugit.',0,0,'2012-01-03 11:21:28'),(126,40,140,'Tempora atque consectetur similique est in aut. Et velit dignissimos autem optio. Voluptatem nulla quaerat sed vel omnis.',0,0,'2017-11-22 14:44:17'),(127,91,135,'Quo a veniam et architecto quas culpa architecto. Blanditiis animi odio aut non id. Culpa reiciendis fugit porro mollitia voluptate nemo.',1,0,'2015-03-08 17:20:02'),(128,22,24,'Eligendi unde labore quam. Voluptatem ea fugiat ea. Magni illum aut aliquam.',0,0,'2019-12-29 23:44:49'),(129,10,29,'Sed ut consequuntur sint nobis aut aut quidem. Sint temporibus consectetur cumque praesentium sit aliquid voluptate. Ut est ipsam quia et.',1,0,'2020-01-03 16:40:59'),(130,6,6,'Modi explicabo quia dolores qui. Beatae quisquam inventore a dolore eaque cum.\nNihil est doloremque cupiditate est reprehenderit aspernatur fugiat. Et quas sed nihil blanditiis voluptatem laboriosam.',1,0,'2019-03-11 22:02:11'),(131,65,4,'Sit quidem culpa unde occaecati. Cumque tempora et explicabo aut quos ea incidunt. Aperiam voluptatem qui nihil iste dolore voluptates. Molestias nemo ea et quae sint fugit explicabo.',0,1,'2014-07-25 19:37:29'),(132,89,58,'Rerum repellat qui rem illo quia numquam eius. Et et ex corrupti aut laborum. Et est occaecati saepe consequatur ex quo veritatis aspernatur. Eligendi exercitationem nobis soluta officiis qui aut et.',1,1,'2012-08-01 01:41:54'),(133,20,141,'Sit ex adipisci ducimus. Nemo officia ad eos sit est. Dignissimos est nihil ut modi eius.',1,1,'2013-04-07 11:23:30'),(134,137,134,'Quod ad eos excepturi est cumque. Ut ut laudantium porro omnis sunt sint sit vel. Quidem facere facilis natus quod natus veniam. Modi suscipit autem eos repellendus vel.',0,1,'2018-06-01 03:33:45'),(135,98,143,'Consectetur illo harum excepturi nulla. Sed ad et dolor omnis ea incidunt eum. Aliquam fuga voluptas voluptatem ut voluptate. Ipsum autem optio corporis numquam quae.',0,0,'2010-10-25 13:53:40'),(136,141,59,'Tempora reprehenderit sint ut at dolores. Sit perferendis et similique quo voluptatem rerum sit sed. Modi sed ea eum quasi tempore.',0,1,'2010-09-16 13:25:21'),(137,125,17,'Voluptatem laborum voluptatem rerum aliquid corrupti placeat. A assumenda at quisquam tempore ut. Qui quo est adipisci et voluptatem quia.',0,1,'2016-06-22 16:34:30'),(138,150,78,'Tempore eveniet optio voluptatem doloribus explicabo qui autem. Occaecati tempora natus aut eveniet dolor aspernatur fuga. Quae inventore maiores corrupti et dolore qui qui.',0,1,'2017-03-08 18:39:14'),(139,7,62,'Quia et assumenda voluptatum sed inventore. Non libero sed ut. Reiciendis natus excepturi possimus. Possimus aut voluptatem nihil sed nobis ipsam.',1,0,'2014-02-08 20:39:50'),(140,88,104,'Cumque quis dolore eos maxime voluptatum. Nostrum et nemo quia possimus dolor explicabo provident. Doloremque et quidem excepturi rerum eum alias ut praesentium.',0,1,'2012-10-18 16:23:59'),(141,125,127,'Esse perferendis rerum atque. Odit aliquam molestias vitae dicta consectetur voluptas. Magni modi occaecati rerum aut. Delectus eius nostrum omnis impedit aspernatur aut corporis.',0,1,'2019-03-18 20:09:48'),(142,93,65,'Autem beatae id aut molestiae. Quos aut et placeat consequatur harum vel ipsam.',1,0,'2018-10-07 07:41:10'),(143,112,115,'Exercitationem laboriosam odit dolorem quo nemo cupiditate. Et est voluptas sint et non fugiat. Quos illum est autem ut.',0,1,'2016-11-30 03:07:34'),(144,89,122,'Hic aut fugiat error autem reiciendis voluptates sapiente. Aspernatur rerum voluptatem illum. Cumque soluta cumque quibusdam nostrum.',0,0,'2019-12-03 19:01:19'),(145,144,95,'Excepturi id vel odio illo voluptatem delectus. Cum perferendis in quis reprehenderit aut. Provident impedit placeat molestias labore sint exercitationem vel ut.',1,1,'2019-08-24 01:54:31'),(146,128,58,'Ex dignissimos dignissimos omnis ea tenetur. Optio magnam vel modi minus. Et quas excepturi fugiat quisquam ea sequi dicta ut.',1,1,'2013-08-30 12:04:05'),(147,98,67,'Impedit fuga natus rem quisquam voluptatibus sit dolores voluptate. Sapiente aut eligendi sint possimus laborum in. Dolores repellat consequuntur est aliquid.',1,1,'2012-12-15 11:16:00'),(148,116,118,'Voluptatem amet fugiat sit quaerat. At pariatur ipsum sit quaerat doloremque quia. Qui praesentium excepturi ut similique tempora.',1,1,'2016-10-04 22:42:48'),(149,57,102,'Alias ut sint rerum minima perferendis deleniti. Qui ea culpa fugit quis expedita illo. Non delectus aperiam eius laborum fugiat et eligendi et.',0,0,'2015-04-05 07:13:44'),(150,101,4,'Esse ea cupiditate est sed. Amet delectus dolores aut omnis illum. Aliquid aliquid doloribus ducimus quo assumenda debitis.',1,0,'2016-12-25 12:45:59'),(151,94,92,'Asperiores mollitia vitae quo magni ea magni dolorem. Earum facilis sit assumenda distinctio. Iste quam laborum quo consequatur id sint. Qui natus molestias sit similique eaque quis.',0,1,'2015-12-13 06:43:35'),(152,63,69,'Consequuntur ullam voluptatem labore et et sed. Natus sapiente omnis quaerat sint sunt. Cupiditate similique quia repellat deserunt qui.',0,1,'2015-03-27 04:47:40'),(153,108,62,'Quia sint voluptatem aperiam amet a eligendi. Excepturi magnam beatae perferendis ut non ea ut. Sed hic provident culpa ducimus sit asperiores. Nisi ipsam delectus voluptatem repudiandae.',0,1,'2010-09-26 10:44:17'),(154,146,115,'Vero maiores sint nisi itaque non molestiae similique. Aut dolores explicabo quo eos.',0,1,'2016-11-25 18:43:25'),(155,124,83,'Repellat eum aliquam fugiat illum voluptates magni. Doloremque quis qui atque nam.',0,1,'2018-01-02 06:13:41'),(156,69,98,'Expedita et eum accusantium animi maxime earum. Sunt minus suscipit inventore repudiandae fugit.',0,1,'2015-12-28 19:42:54'),(157,60,11,'Ipsam dolore repellat et. Optio excepturi dolore velit.',1,1,'2017-09-20 00:08:08'),(158,13,22,'Ipsum rem voluptatibus quisquam odio. Est quidem neque reprehenderit omnis minima quia placeat. Rem sint modi delectus laudantium.',1,1,'2016-01-28 23:09:38'),(159,126,102,'Delectus corrupti adipisci temporibus. Sunt est qui consectetur voluptas corporis non.',0,0,'2020-04-28 01:57:03'),(160,143,119,'Fugit praesentium voluptatum cupiditate eligendi ut quis est cupiditate. Dolorum voluptatem sit repudiandae ea. Aut optio odio quis aspernatur ea pariatur saepe. Reprehenderit nemo in qui.',0,1,'2012-06-29 06:09:44'),(161,46,120,'Iste nobis nihil provident id. Officia reiciendis quaerat similique perferendis.',1,0,'2018-07-05 22:14:43'),(162,27,144,'Vitae quia omnis quo. Nisi voluptas molestias voluptatem modi unde. Minima autem nisi minus mollitia ipsa repudiandae sint. Voluptas magnam omnis at.',1,0,'2014-02-04 08:38:36'),(163,37,142,'Fuga quos et repellat nihil velit eaque expedita. Autem voluptates consequatur voluptatem quia. Ipsa laboriosam velit expedita veritatis asperiores.',1,0,'2012-11-05 16:28:07'),(164,111,93,'Et tenetur nulla debitis sit sit soluta. Est nostrum qui dolor voluptates. Quam voluptates nam vero sint voluptate fugiat.',0,0,'2014-06-02 01:44:19'),(165,94,62,'Eum id saepe unde in commodi accusamus. Assumenda architecto sit hic id iusto. Earum unde cum et blanditiis.',0,1,'2017-12-27 11:02:30'),(166,97,38,'Ea deserunt rerum explicabo repellendus enim sunt nam. Exercitationem aut dolore voluptas et. Odio numquam voluptas a incidunt id nihil rerum. Explicabo qui blanditiis iste sed rem.',1,1,'2020-03-13 01:01:10'),(167,3,9,'Impedit alias qui consequuntur unde et numquam iusto. Blanditiis rerum voluptas voluptatum in. Aperiam et aliquid corporis officia temporibus. Cumque consequatur animi eum atque odit reiciendis ea.',0,1,'2012-12-07 18:53:57'),(168,106,111,'Sequi iste itaque odit. Delectus aut qui provident qui voluptatem. Corrupti commodi corporis veniam ex. Sunt veniam assumenda cupiditate similique.',1,1,'2019-06-13 00:14:23'),(169,70,102,'Aliquam ea sint ad consequatur quo. Voluptate enim amet at sed. Quaerat sunt possimus nesciunt non aut deleniti incidunt quo.',1,0,'2011-07-10 09:42:26'),(170,76,44,'Perspiciatis rerum ut vero qui magnam neque reprehenderit. Eum excepturi aspernatur sed adipisci saepe. Et officia placeat commodi.',1,0,'2011-11-04 19:07:34'),(171,35,144,'Labore iste quidem quis rerum est blanditiis ad. Quo vitae modi laborum non. Est suscipit corporis corporis iure accusantium.',1,0,'2011-03-07 19:40:41'),(172,142,95,'Consectetur architecto impedit qui perspiciatis maxime facere esse. Facilis natus ut modi sequi. Animi eos possimus aut quibusdam aut maxime.',1,1,'2014-07-20 18:01:57'),(173,5,5,'Maiores qui minima nam. Ut ea voluptas fugit autem. Quia ut blanditiis eaque ea aut.',1,1,'2015-01-24 17:46:08'),(174,116,130,'Laboriosam ex aspernatur totam sed consequuntur. Officia et corrupti eos nihil aliquid. Eum est et eius veniam.',0,1,'2014-09-13 20:57:26'),(175,106,109,'Rerum voluptate quis voluptate et fugiat quis doloribus. Voluptatem qui quis error facilis beatae molestiae.',1,0,'2018-11-17 15:01:28'),(176,98,2,'Nisi sunt quis velit deleniti quia repudiandae sunt. Veritatis quis in eum. Fugiat sed inventore nostrum culpa autem porro qui quo.',0,1,'2016-10-09 17:24:44'),(177,79,124,'Cum eaque iusto doloremque modi similique. Blanditiis culpa eos dolor eum et optio aut. Consequatur autem inventore aliquid facere repellat sequi accusamus reprehenderit. Sed commodi qui est debitis.',0,1,'2014-05-07 19:42:36'),(178,145,115,'Necessitatibus id quasi cum. Animi placeat sapiente nam consectetur dolorem amet accusamus perferendis. Iusto sit commodi in aut. Ut vel sunt amet in.',1,1,'2015-05-07 13:46:47'),(179,116,106,'Est aut impedit cum quia odio vitae blanditiis. Facilis voluptas et voluptates qui. Velit laudantium repellendus accusamus numquam amet recusandae debitis. Quia ab recusandae vitae inventore quam.',1,0,'2019-08-29 21:37:27'),(180,58,59,'Atque iste et perferendis nostrum quis quia qui. Et accusantium ut voluptatem. Ad fuga quia qui aut quo vel aliquam voluptatem.',1,0,'2013-12-01 11:28:25'),(181,17,4,'Laborum qui doloribus molestiae voluptatem quibusdam ut. Aperiam doloribus quia a quae ipsum qui. Expedita saepe pariatur omnis totam sit eius minus cupiditate. Asperiores iusto dolores sit.',0,1,'2012-02-29 14:32:53'),(182,96,20,'Aut quis qui nulla ut animi autem. Et aut sed dolores excepturi vero quibusdam. Neque fugit maiores in repudiandae. Ipsa expedita aut quia fuga.',0,0,'2015-07-30 21:01:59'),(183,12,52,'Est quos et ut dolorum. Ut fugiat voluptatem voluptatem enim odio aut. Quam ipsa nesciunt qui eos et sit at.',0,0,'2013-11-26 06:59:56'),(184,130,82,'Sapiente et non doloremque nemo accusantium distinctio fuga. Possimus ex vel nihil ut. Dolor laboriosam quo est modi quidem sit.',1,0,'2013-08-17 16:41:45'),(185,3,56,'In odio odit aliquam in. Aliquam dolore nisi blanditiis voluptatum ut. Numquam sunt dicta et quisquam aspernatur culpa. Laudantium ipsa minus ab et nulla sit quod.',0,1,'2010-09-02 08:10:32'),(186,125,38,'Debitis modi nisi saepe itaque. Qui quia eius nesciunt dolorem sequi. Aut harum alias voluptatem ratione quasi soluta perferendis. Culpa rerum nihil facilis.',0,0,'2015-12-14 11:01:13'),(187,49,116,'Eveniet voluptatem et et repudiandae exercitationem voluptas. Suscipit eos doloribus reprehenderit illo debitis sint rerum. Quas vitae sapiente dolore nihil nihil quia dolore.',0,1,'2014-04-28 21:08:23'),(188,132,53,'Corporis reiciendis facilis consequatur qui excepturi cumque ut. Eos quo aliquam atque ut. Omnis est distinctio necessitatibus natus.',0,0,'2018-08-05 17:07:16'),(189,120,98,'Dolores sit aliquid sequi ut. A itaque ut et aut. Enim delectus impedit dolore ducimus minima.',0,0,'2013-11-11 12:29:49'),(190,32,76,'Minus ab harum quisquam occaecati dolorem. Ratione similique qui est atque est. Vero unde sit ut suscipit accusantium. Vel minima sed ducimus.',0,0,'2019-07-31 09:44:25'),(191,57,130,'Dolorem qui sequi laborum aut id in. Aut quisquam ex consequatur voluptatem ipsa consequatur eligendi minus. Enim vel eum et.',1,1,'2010-11-17 06:04:25'),(192,77,135,'Repellendus expedita sed et at nostrum. Voluptas qui voluptatem at. Numquam voluptates consectetur qui est reprehenderit quae voluptates ullam. Quia molestiae doloremque quia cumque.',1,1,'2017-05-12 08:13:11'),(193,104,72,'Aliquid magnam est impedit minus numquam sed modi. Ipsum repellat quam quia possimus eum ipsum. Consequuntur aliquam dolorum velit deserunt in.',1,0,'2015-12-14 06:00:21'),(194,100,70,'Fugiat commodi nesciunt ut tempora sint cupiditate. Quidem a at perspiciatis consequuntur. Voluptas ratione rem itaque.',0,1,'2011-04-28 23:38:09'),(195,27,7,'Excepturi autem porro alias iusto mollitia vel deserunt. Aut et aliquid aspernatur vitae facilis ratione. Quia deleniti sint ut ut consequatur.',0,1,'2017-06-03 05:43:36'),(196,128,44,'Magnam et libero architecto sed eum. Odio sapiente dolores ea tempore illum. Officiis suscipit molestiae quo debitis.',0,0,'2018-08-07 10:06:45'),(197,10,74,'Rerum quibusdam nesciunt vero optio autem et. Praesentium nemo cumque dolores. Et consequatur aut rerum harum. Suscipit aliquid esse iure et.',0,0,'2017-05-10 19:07:45'),(198,63,22,'Et facere iusto a id sint eaque. Eveniet animi velit totam repellendus. Et dolor molestiae voluptatem voluptatem eum nesciunt in.',0,1,'2011-04-15 00:03:52'),(199,125,43,'Voluptatem expedita fugiat consequuntur. Sed quis nihil eos dolores qui. Alias eum est ex corrupti dolorum quia.',0,1,'2013-02-17 12:55:44'),(200,103,128,'Mollitia velit recusandae rerum quisquam est. Et minima in sed. Enim et nesciunt quo in. Sed mollitia rem voluptatem.',0,1,'2019-04-21 11:51:30'),(201,98,78,'Ratione a sed eligendi saepe. Laboriosam ut maiores et dolore. Aut ea aut inventore error ex tempora.',0,0,'2010-09-29 17:26:34'),(202,15,146,'Qui officia tempora ab non sint perspiciatis explicabo. Sint ea voluptatem possimus aut non eligendi. Voluptates dolore quia mollitia non sint. Enim ut dignissimos ratione aliquam ut qui debitis a.',1,0,'2014-02-21 01:51:07'),(203,43,147,'Adipisci sint est occaecati ut molestiae molestias. Non voluptatem distinctio porro. Mollitia magnam rem explicabo qui. Aut illum perferendis ipsa eum quidem omnis harum voluptatem.',0,0,'2012-02-17 00:25:11'),(204,49,13,'Id error cum aperiam consequatur ratione ab. Harum ut ipsa doloribus quae nam voluptatem dolores. Molestias et laudantium temporibus nemo perferendis quia nobis eos.',1,1,'2017-08-21 20:38:44'),(205,94,81,'Consequuntur velit qui dolores. Nihil molestias quia omnis et earum dicta doloribus. Et harum non quis velit. Dignissimos ea eveniet ipsam magnam dolores repudiandae.',1,0,'2013-07-10 08:11:21'),(206,89,150,'Placeat ducimus similique necessitatibus reprehenderit minus in illum. Quo molestias placeat voluptatem et exercitationem porro.',0,1,'2019-04-23 10:24:34'),(207,61,15,'Totam ut velit dicta nulla sit. Dicta voluptatum rem rem vitae. Sunt ab aliquid neque est.',0,0,'2011-02-26 23:35:56'),(208,135,14,'Odio natus sed sint aut harum accusamus consequuntur rerum. Consequuntur et qui ut natus est laboriosam. Dolor expedita harum quod est occaecati nobis earum.',0,0,'2016-08-18 16:00:18'),(209,86,85,'Repellat molestias est exercitationem quae consequatur voluptatem. Eveniet sed quos est nihil totam. Molestiae qui eum exercitationem non voluptates ad itaque.',1,0,'2011-08-26 05:53:24'),(210,83,113,'Est cupiditate omnis nam sed fugit sint dolores. Nulla inventore inventore labore quisquam velit sed. Vel asperiores accusantium sed dolor fuga cupiditate.',0,1,'2019-05-19 20:33:26'),(211,91,61,'Suscipit magnam aliquam qui est. Eveniet ullam numquam cumque labore nostrum aut aut et. Quia qui dolorem animi ipsam ea. Nostrum ipsam et voluptate voluptas accusantium.',1,1,'2014-08-24 19:39:22'),(212,6,101,'Vitae eum blanditiis et. Labore quos dolorum quo omnis non. Dolorem et doloribus necessitatibus ea nemo neque.',0,1,'2020-03-12 16:58:47'),(213,135,69,'Culpa quis sit ut ut magnam error laudantium. Rerum placeat accusantium recusandae cumque veritatis. Sint est id assumenda autem sunt dolores eveniet.',0,1,'2010-08-16 23:34:51'),(214,122,110,'Repudiandae odio quia tempore quia consectetur quo. Ea enim vero nemo. Dicta accusantium aut eos porro. Distinctio inventore quis molestiae non omnis.',1,0,'2012-05-03 18:33:32'),(215,111,75,'Quia est hic ipsum rerum quo voluptas. Ipsam vel perferendis dolor error voluptatem non. Dolorem ratione modi nesciunt dolores.',0,1,'2019-12-16 06:31:26'),(216,87,59,'Ducimus aut odit autem et. Fugiat saepe et vitae iusto ut dolorem sed. Ratione consequatur recusandae id voluptatem neque. Blanditiis aut modi quia enim sequi delectus deserunt doloribus.',0,0,'2012-02-03 23:04:41'),(217,2,102,'Id quae aliquid enim maxime accusantium officiis sapiente. Officiis eveniet et ut. Adipisci quasi et aliquid maxime possimus similique qui.',0,0,'2014-08-29 15:55:22'),(218,55,45,'Deleniti nisi porro ex quibusdam ex et voluptatem doloremque. Qui non quos recusandae. Amet repellat ipsam quod odio amet vero. Enim nobis ipsam dignissimos quis doloribus autem.',1,0,'2015-09-30 02:13:10'),(219,99,103,'Eos saepe fugit velit qui. Quaerat dolores non ea expedita assumenda neque earum. Tempora ipsam rerum eius. Debitis iste voluptatem in ullam modi architecto consequatur.',1,1,'2015-05-09 20:14:41'),(220,58,43,'Alias repudiandae in sint voluptatibus. Dolorum totam nostrum repellat qui temporibus cumque. Dolorem architecto saepe expedita. Eos quisquam autem voluptatem.',0,0,'2016-01-22 06:54:51'),(221,34,146,'Debitis quas blanditiis ipsa. Dolorem ea laborum beatae et et iure. Vel at doloribus omnis quisquam non.',1,1,'2015-09-02 06:50:41'),(222,43,94,'Rerum veritatis vel quia molestiae quis. Veniam enim consequatur voluptates nemo ratione et fugit. Hic nesciunt voluptatum id nihil sequi sed vel.',1,0,'2010-10-19 17:17:16'),(223,11,27,'In incidunt eum unde laboriosam dolores magnam. Nulla doloremque eius et iste minima aut consequatur. Corrupti non animi et suscipit ab est. Eos quam nihil commodi quia omnis qui.',0,0,'2019-09-14 20:42:30'),(224,107,97,'Ea et quia deserunt earum nobis blanditiis. Cum ab soluta repellendus et eveniet. Eveniet quae et impedit omnis praesentium neque cumque. Eligendi temporibus atque sint nulla.',1,1,'2017-11-11 04:10:10'),(225,111,40,'Doloremque aspernatur non optio libero est. Deleniti esse est voluptate ut et aut. Quaerat nam modi veniam.',1,1,'2012-12-05 19:20:04'),(226,59,52,'Incidunt odio mollitia et ratione. A consectetur quibusdam porro deleniti beatae labore. Dolores consequuntur consequatur culpa et.',1,1,'2011-05-07 10:57:36'),(227,101,65,'Ducimus rerum voluptates qui sed eum et vero quam. Dolor repudiandae et fuga iste. Quod quis est adipisci aut tempora qui et. Sit harum dolore repellendus veritatis corporis et.',1,1,'2013-01-01 14:14:53'),(228,3,85,'Reprehenderit id maiores quidem dolorum explicabo eaque aut. Dolor quaerat doloribus qui omnis suscipit et ab earum. Nihil consequuntur quisquam sunt. Nostrum et beatae rerum qui soluta libero amet.',1,0,'2016-12-15 06:18:34'),(229,134,125,'Quo molestiae delectus possimus voluptatibus quaerat hic quia. Explicabo nihil molestiae accusantium hic ea voluptatibus est quos. At qui est magni veritatis occaecati.',1,1,'2020-01-14 12:57:19'),(230,44,94,'Officia voluptatibus et atque distinctio animi. Sed porro est illum est omnis autem dolores. Sed eos consequuntur sapiente fugiat quidem molestiae rem.',1,0,'2015-05-11 15:07:20'),(231,49,131,'Sapiente mollitia minima aperiam qui ad accusamus. Natus itaque sint consequuntur nulla. Sequi quidem dolore eos quibusdam.',1,0,'2020-02-01 19:38:11'),(232,3,50,'Distinctio laudantium ut quis sit. Expedita ipsam et temporibus minima dolorum iusto. Et aliquid tenetur nisi omnis. Eos omnis et laudantium dolor aliquam.',0,1,'2018-06-14 17:52:45'),(233,83,57,'Saepe occaecati odio sit est omnis cumque est. Nisi deleniti maiores veniam exercitationem vitae atque et et. Nobis sit earum sit repellendus.',0,1,'2010-08-02 00:40:16'),(234,94,31,'Exercitationem harum quisquam velit iusto. Dicta temporibus explicabo quis quaerat.',0,1,'2014-01-18 00:29:41'),(235,9,2,'Molestiae qui est consequatur minus ducimus enim quos. Ipsam eius nobis blanditiis quo. Provident velit consequatur tempora dolor.',1,1,'2010-09-21 13:53:42'),(236,73,42,'Ipsum soluta vel natus ut sit. Nulla ut blanditiis quidem vel placeat enim dolorem. Ut omnis quo repellendus in ullam voluptatum.',1,0,'2019-07-10 04:03:48'),(237,147,115,'Rerum id sunt culpa non sed officia. Repellat illum quia corrupti repudiandae repellendus dolore est. Optio ipsum voluptatem voluptatem eaque. Modi facere dolore et quia ut.',1,1,'2016-09-18 11:02:34'),(238,135,7,'Et sunt magnam nulla nam sint. Dicta omnis necessitatibus eos. Amet sit veniam ut error animi dolorem et.',0,0,'2013-11-25 12:09:12'),(239,142,92,'Consequuntur sit maiores quisquam earum beatae minus. Sint iusto et possimus eius. Enim recusandae dolores qui suscipit voluptas.',0,0,'2011-05-27 21:08:50'),(240,103,103,'Et eos assumenda est voluptatem iure tenetur similique maxime. Sed ipsam magni est quia. Itaque quo vitae omnis. Est odio aut nihil.',1,0,'2018-04-08 16:05:10'),(241,132,12,'Ut nesciunt ullam exercitationem quia aut. Aut facere rem saepe assumenda quia eos dolor. Dolores nostrum omnis ipsum magni ut provident.',0,1,'2016-05-06 16:34:04'),(242,4,82,'Iusto qui doloremque quidem delectus. Tempore nisi laboriosam consequatur quia. Suscipit veritatis pariatur ex inventore nihil laboriosam.',0,0,'2018-06-08 07:46:16'),(243,76,7,'Ut delectus quo et est vel. Cum omnis voluptas fugiat nesciunt quis iusto. Et repellat omnis provident blanditiis.',1,1,'2016-11-13 09:05:10'),(244,16,59,'Modi et veritatis ut architecto ut praesentium. Saepe neque dolore repellendus et enim ut. Cupiditate sapiente dolorum sapiente voluptas velit totam.',1,0,'2011-04-28 06:29:02'),(245,131,59,'Voluptate dignissimos natus non debitis quas et neque. Recusandae voluptas qui modi. Aut eveniet magnam eveniet hic facere laboriosam.',0,1,'2019-09-24 13:57:10'),(246,3,29,'Impedit magnam eius assumenda quibusdam nostrum maiores. Doloremque omnis eum cupiditate minima deleniti adipisci modi. Nihil temporibus fuga repellat praesentium. Et est aperiam laudantium.',1,0,'2020-05-07 16:19:03'),(247,40,5,'Mollitia commodi voluptas eum ullam. Illo quia maiores nihil inventore fuga quia.',0,0,'2019-08-26 07:39:18'),(248,79,122,'Illum est et dolores et. Aliquid quaerat aperiam architecto voluptatem. Consequatur ipsum sunt perferendis aliquam sunt et quaerat. Quo enim nobis eum velit ex.',0,1,'2017-09-11 04:17:23'),(249,61,23,'Officiis quas mollitia sequi rem nisi cum in iste. Voluptatem et non autem non. Voluptas porro odit suscipit est. Fugiat inventore quo sit aut consectetur quisquam harum.',0,0,'2013-01-03 01:19:41'),(250,2,70,'Consequuntur cupiditate cum doloribus. Magni perspiciatis quasi cumque quis ut commodi corrupti laboriosam.',0,1,'2016-06-30 16:34:10'),(251,24,75,'Adipisci eius exercitationem repellendus ut modi aut veritatis. Ut recusandae repellendus ducimus animi. Doloribus quidem amet qui et quis aut.',1,0,'2017-12-07 19:35:43'),(252,112,20,'Reiciendis odit consequatur rerum sed nostrum quia. Qui ea molestiae sit dolorum iusto quae. Eos modi consequatur enim nesciunt. Eveniet quod et dolore cumque saepe qui.',1,1,'2012-11-24 11:59:59'),(253,39,97,'Unde ex ea qui nobis similique nihil. Possimus nesciunt omnis sunt ea. Asperiores sit et ducimus qui quidem perspiciatis.',0,1,'2018-05-06 22:08:47'),(254,27,30,'Aut dolores neque illo quasi modi harum. Labore quaerat molestias omnis eaque expedita magni. Repellat provident repellat quam ducimus qui placeat. Sit illo beatae iste.',1,1,'2011-10-25 04:30:25'),(255,38,129,'Ipsam aut est suscipit voluptatibus sapiente et modi ex. Corrupti et aspernatur est. Qui iure minus vel corrupti delectus.',1,1,'2017-07-11 06:07:14'),(256,133,19,'Commodi tempore eos aut ratione. Praesentium aliquid facere reprehenderit. Velit saepe cum maxime cum ut.\nIn culpa non sit sunt. Aliquid eveniet est ut. Numquam eius ullam velit.',0,0,'2014-01-12 14:48:03'),(257,140,136,'Itaque voluptate possimus excepturi recusandae nesciunt velit qui. In eligendi quo totam alias quo. Sit quia magnam quia maxime accusamus quidem.',1,1,'2017-02-27 02:16:00'),(258,100,66,'Est eum sed voluptatem. Enim modi voluptas sed in dolor fuga est architecto. Eos quae ipsum qui ea et. Nihil quia aut corporis ea veritatis. Deserunt itaque adipisci voluptate aliquam et.',0,1,'2010-08-27 09:18:26'),(259,143,116,'Nihil nam repellendus velit enim illo neque consequuntur. Reprehenderit et maxime debitis. Voluptatum amet nobis autem maxime dolorem et facere.',1,0,'2013-01-06 14:03:57'),(260,125,123,'Voluptatem ex minus pariatur ad. Repudiandae qui qui non et.\nEum nostrum libero ad ut hic. Provident aut veniam sit velit deserunt deserunt quidem est.',1,0,'2014-03-11 18:40:32'),(261,25,127,'Porro ut nesciunt vel molestiae consequatur saepe. Sit omnis cumque veritatis. Nulla et quis unde ratione est ut sit. Ut dolor necessitatibus quibusdam quaerat corporis voluptates.',1,1,'2015-07-13 10:43:48'),(262,2,64,'Et autem ipsum illum dolor. Consequatur in cum modi dolorem et. Eveniet possimus ea fuga qui veritatis et.',1,0,'2013-04-05 16:10:27'),(263,132,80,'Tempora numquam vero quaerat in ipsa velit doloremque sequi. Odio quo a quas in porro rerum modi. Velit dolor exercitationem placeat dolorum qui ut voluptas.',1,1,'2010-07-05 08:57:14'),(264,35,43,'Quibusdam sed non hic qui nihil. Sit totam atque error harum cumque. Aspernatur voluptatem odit non est.',0,1,'2011-10-28 18:00:12'),(265,103,37,'Quo quis a molestias ut. Porro aut ea saepe molestiae ex inventore quis.',1,0,'2015-03-18 01:39:29'),(266,113,126,'Illo perferendis eos autem dolorem ut quia mollitia. Quis in eum illum omnis qui eligendi cupiditate distinctio. Cum dolorem nihil ut. Consequatur excepturi dolorem enim autem suscipit esse ut.',1,0,'2014-03-14 04:01:52'),(267,111,74,'Nulla at rerum quia ea. Aut rerum esse quis suscipit. Ut nihil iusto omnis porro qui impedit sint illum. Quod et id accusamus rerum quidem.',0,1,'2017-04-21 12:41:42'),(268,146,149,'Laudantium ut non maiores dolorum quis. Nihil eos debitis facere dolorum molestiae voluptatibus eius omnis.',0,1,'2016-08-14 20:04:15'),(269,20,22,'Rerum tempore quod id dolore molestias. Nihil qui aliquid aut eaque ab. Et cupiditate distinctio est. Eius aperiam impedit ipsam sed ut nihil.',0,0,'2020-05-22 23:48:57'),(270,29,58,'Et doloribus et laudantium quaerat magnam officia. Tenetur iste molestias magni. Nulla possimus debitis reiciendis ea harum aut debitis. Sed sapiente maiores quasi ipsam distinctio debitis.',1,0,'2013-04-04 23:11:52'),(271,1,11,'Ratione consequatur omnis aliquam. Velit reprehenderit qui aperiam numquam ipsam eum ea. Qui maiores adipisci placeat dolore.',1,0,'2017-12-19 14:55:25'),(272,77,141,'Aperiam expedita eos ea et veniam repellat. Expedita reiciendis dolorem enim mollitia nesciunt assumenda nobis in. Deserunt sint nam ea dolor. Voluptates nemo porro ut ut dolore.',0,0,'2015-06-13 10:56:38'),(273,147,26,'Culpa qui sit nobis dolore quisquam repellat quos at. Impedit occaecati cumque cumque similique nemo. Deleniti voluptas corrupti qui voluptatem eum.',1,1,'2012-07-06 17:36:43'),(274,56,140,'A architecto reiciendis quasi ducimus. Veritatis voluptatem esse blanditiis veniam saepe non. Hic sunt porro ut voluptates deserunt. Nihil sunt reiciendis rem quia officiis in.',1,0,'2018-09-11 08:35:08'),(275,142,30,'Reprehenderit quae omnis reprehenderit reprehenderit aperiam dicta. Pariatur dolores atque sed commodi sint sint.',1,0,'2016-09-14 08:45:21'),(276,112,16,'Eaque aliquam reiciendis inventore est non. Nobis maiores ducimus est saepe est ad. Molestiae voluptatum maxime voluptate repellat ea corporis quia deleniti.',1,1,'2013-10-27 09:29:25'),(277,7,114,'Libero voluptas soluta facere nulla rerum ab. Ut veritatis quas aliquid ea perferendis aut unde. Et sequi vero quod minima nisi pariatur.',1,0,'2011-09-25 07:22:44'),(278,80,139,'Soluta eos non voluptas. Et nesciunt mollitia commodi rerum nulla consequatur. Et voluptate ut illum.',0,0,'2018-02-04 17:39:10'),(279,44,115,'Reprehenderit dolore adipisci dolores libero voluptas. Molestiae itaque sit dolorum voluptatum sit velit numquam est. Esse consequatur numquam totam quae.',0,0,'2014-10-25 19:35:16'),(280,31,146,'Consequatur ut minima ea quo quaerat veniam. Dolores sint et omnis error rerum et dolorem.',1,0,'2019-07-16 13:01:14'),(281,1,144,'Accusamus odio sunt corporis ut et at voluptatibus. Consectetur pariatur qui inventore deleniti ipsam optio. Vitae quos aut vel et sed ut. Qui est aut ad.',1,0,'2019-11-05 11:03:46'),(282,121,111,'Voluptatem quia iste necessitatibus sapiente. Cum et qui recusandae in ab molestiae. Ut quibusdam soluta impedit cumque molestiae iure omnis. Voluptatibus quis adipisci distinctio eum.',0,0,'2011-02-13 22:44:06'),(283,67,117,'Quia corporis neque earum qui veritatis praesentium. Reiciendis veritatis doloremque et illum commodi iure consequatur voluptatem. Sint quia nobis itaque dolor.',1,1,'2016-07-27 16:28:28'),(284,110,87,'Voluptatem officiis qui quibusdam eveniet aspernatur. Ipsam illum nam labore recusandae debitis doloremque amet. Alias molestiae qui rem qui quos.',1,0,'2019-12-22 18:02:50'),(285,138,139,'Qui hic doloremque sit minima tempora sint. Nobis minus quo voluptatem qui saepe maxime. Qui dicta nam dolores. Et maxime quam deleniti doloribus doloremque.',1,0,'2017-01-02 06:12:08'),(286,144,139,'Vitae odio velit quos nostrum harum culpa nemo. Deserunt quia velit quo facilis qui culpa esse.',0,1,'2012-08-27 04:30:33'),(287,150,70,'Corrupti asperiores qui accusantium eos ratione recusandae. Perferendis aut deleniti sed quam nihil accusantium.',1,1,'2011-10-02 17:19:40'),(288,129,147,'Recusandae ipsa et eum ea laboriosam. Illo tempore est voluptatem et rerum commodi. Quo nihil corrupti exercitationem corrupti qui rerum officia.',1,0,'2012-07-07 10:23:21'),(289,96,34,'Eum qui porro sint animi. Quis eveniet perferendis placeat minima tempora in quos. Quis nobis dolore est magni impedit. Accusantium doloribus inventore eos consectetur.',0,1,'2019-08-07 21:23:44'),(290,136,87,'Molestiae mollitia quia eum minus. Soluta et tenetur at maxime. Id hic et est eligendi animi nihil mollitia. Quas recusandae unde ad nihil.',1,0,'2018-11-09 00:04:14'),(291,64,98,'Unde distinctio quo rerum sed aut cumque praesentium. Hic iste veritatis hic dignissimos adipisci. Architecto earum consequatur molestias quisquam.',1,0,'2015-12-01 10:57:58'),(292,103,71,'Sapiente qui nobis et nihil laboriosam quia. Ut molestias ex earum perferendis nihil quos atque. Dolor illo fugiat culpa.',0,0,'2014-06-11 20:14:34'),(293,61,33,'Consequuntur iure dolorem cum consectetur. Aperiam nihil consequuntur molestias animi.\nTemporibus earum id officia et ut. Enim sit suscipit laboriosam quasi nobis autem est.',0,0,'2013-09-18 22:22:41'),(294,59,104,'Et rerum unde asperiores ipsum qui. Modi eligendi omnis nesciunt voluptatem at et sit et. Neque sit reiciendis fuga corporis animi repellat. Error ducimus consectetur cum et ut consectetur.',0,0,'2020-02-27 07:42:53'),(295,147,90,'Reprehenderit corporis necessitatibus magni et aliquid. Voluptatibus sint voluptas fuga sequi. Ex nostrum iste illo velit illum qui alias. Alias quam quia non iste earum fuga.',1,1,'2016-10-17 09:26:55'),(296,99,148,'Dolor assumenda tenetur officia quia ipsam laudantium. Et voluptas sunt et dolorum.',1,1,'2012-10-06 14:39:24'),(297,83,70,'Est aliquid maxime delectus ad veniam laudantium. Sequi neque accusantium debitis ut omnis ut. Sed incidunt consequatur voluptatum rem qui nihil ad et. Commodi nesciunt illum fugit.',1,1,'2013-09-13 11:25:32'),(298,109,150,'Sunt provident nihil totam libero non qui unde. Delectus explicabo reprehenderit rem suscipit rerum distinctio nobis. Ipsa perferendis excepturi deleniti quod.',1,0,'2019-05-21 05:09:44'),(299,36,68,'Velit quo qui dolorem earum sapiente aliquam libero. Eius cupiditate repellat et iste adipisci officiis tenetur. Exercitationem ea et in cum voluptate veniam.',0,1,'2012-09-05 04:14:50'),(300,86,24,'Nam et nisi omnis in fugit. Velit veniam quibusdam nostrum velit eaque laborum libero. Nostrum nulla explicabo ut fugit. Necessitatibus libero at amet qui.',0,1,'2016-08-21 18:22:58');
/*!40000 ALTER TABLE `messages` ENABLE KEYS */;
UNLOCK TABLES;

--
-- Table structure for table `posts`
--

DROP TABLE IF EXISTS `posts`;
/*!40101 SET @saved_cs_client     = @@character_set_client */;
/*!50503 SET character_set_client = utf8mb4 */;
CREATE TABLE `posts` (
  `id` int unsigned NOT NULL AUTO_INCREMENT,
  `user_id` int unsigned NOT NULL,
  `body` text CHARACTER SET utf8 COLLATE utf8_unicode_ci NOT NULL,
  `media_id` int unsigned DEFAULT NULL,
  `created_at` datetime DEFAULT CURRENT_TIMESTAMP,
  `updated_at` datetime DEFAULT CURRENT_TIMESTAMP ON UPDATE CURRENT_TIMESTAMP,
  PRIMARY KEY (`id`),
  KEY `posts_user_id_fk` (`user_id`),
  KEY `posts_media_id_fk` (`media_id`),
  CONSTRAINT `posts_media_id_fk` FOREIGN KEY (`media_id`) REFERENCES `media` (`id`),
  CONSTRAINT `posts_user_id_fk` FOREIGN KEY (`user_id`) REFERENCES `users` (`id`)
) ENGINE=InnoDB AUTO_INCREMENT=301 DEFAULT CHARSET=utf8 COLLATE=utf8_unicode_ci;
/*!40101 SET character_set_client = @saved_cs_client */;

--
-- Dumping data for table `posts`
--

LOCK TABLES `posts` WRITE;
/*!40000 ALTER TABLE `posts` DISABLE KEYS */;
INSERT INTO `posts` VALUES (1,19,'Tempore iusto laborum impedit voluptas sapiente. Sed ratione et vero optio. Enim delectus alias voluptatum aliquid sint.',49,'2015-12-31 04:06:27','2019-06-20 15:31:07'),(2,147,'Rerum rem vel provident ullam laboriosam. Dolor aut aliquid mollitia debitis aut. Et rerum veritatis inventore. Necessitatibus magnam alias dicta placeat dolorem facilis.',170,'2017-08-16 12:19:29','2019-07-26 03:47:42'),(3,89,'Exercitationem voluptate maxime nam et quisquam voluptas. Aliquam odio sed possimus mollitia. Perferendis ex atque explicabo. Adipisci laudantium veniam qui enim consectetur consequatur.',66,'2020-06-09 13:24:28','2020-05-26 08:43:37'),(4,81,'Consequatur pariatur aut tempora odio. Rerum aut deserunt aut quasi eos. Sunt eum maxime voluptatem ea. Quos laboriosam ut ut animi itaque est sit.',200,'2017-12-14 03:22:38','2020-05-19 04:34:28'),(5,119,'Quia aliquam provident sunt dolor sint. Doloremque nobis nisi dolor rerum. Eos saepe fuga accusantium.',123,'2014-11-25 06:12:18','2019-08-08 18:55:25'),(6,43,'Voluptatum harum placeat et temporibus veniam ipsa. Itaque rem pariatur omnis veritatis nihil. Sequi rerum voluptas delectus quo minus dolores incidunt.',100,'2013-10-20 15:47:25','2019-12-19 03:43:51'),(7,65,'Eius aut neque aspernatur soluta. Expedita ea quis veniam deserunt recusandae similique est. Nemo sunt ut placeat nobis sint ipsum eos porro. Delectus omnis explicabo beatae voluptas et.',76,'2011-09-11 05:55:23','2019-08-29 02:36:38'),(8,42,'Sunt voluptas quidem occaecati quisquam officia. Ipsam accusamus cum doloremque molestiae voluptatibus ab fuga est. Vel blanditiis deserunt velit.',125,'2012-02-28 13:57:53','2020-01-28 02:30:48'),(9,76,'Consectetur expedita in voluptate mollitia non. Illo quam consequatur vero placeat dolor officia qui. Aut tempora et placeat qui iusto perferendis. Voluptatem labore rerum facilis est eum fuga ex.',34,'2016-03-20 08:58:26','2020-04-01 04:26:40'),(10,92,'Facere sit repudiandae quasi repellat et. Sunt quisquam ipsum qui ut. Suscipit dolor deserunt sequi quod temporibus minima rerum.',135,'2018-06-18 22:58:43','2019-08-08 16:59:01'),(11,71,'Necessitatibus ut quia architecto esse tempora. Mollitia nulla tempora quia quos. Consequatur fugit et blanditiis adipisci non sit. Quod ut sed qui aut ut et aut. Dolor et et quia rerum qui et porro.',106,'2017-11-21 22:50:22','2020-04-25 12:17:15'),(12,111,'Qui minus debitis voluptas dolores soluta aliquam commodi. Beatae sunt earum error neque ducimus.',205,'2014-03-25 04:08:04','2019-07-10 03:15:17'),(13,15,'Rem ea quae dignissimos dolore quam occaecati. Eum praesentium neque corrupti magnam dicta. Et quaerat commodi magnam consequuntur qui aliquid esse. Aut iste cupiditate ad autem tempore.',267,'2020-05-15 16:10:14','2019-12-30 09:40:22'),(14,77,'Ut ipsa velit ullam ab perspiciatis qui eum. Repellendus qui labore eaque est veniam. Cupiditate voluptate voluptas est qui sit corrupti rerum iste. Optio adipisci id cupiditate facilis.',285,'2013-09-25 02:09:49','2020-04-09 16:14:03'),(15,127,'Aperiam est facere facere eligendi deserunt dicta. Sunt incidunt recusandae necessitatibus iusto qui. Similique minus quos ut quia aut.',62,'2013-08-09 08:22:18','2020-04-10 14:39:00'),(16,123,'Nobis dolorem ipsa quia quo autem cum. Reiciendis ratione voluptatem culpa a impedit est nostrum. Non aut maxime omnis quasi iste. Maiores ex non dicta molestiae iste nihil.',167,'2018-09-07 02:59:15','2020-05-05 09:03:46'),(17,116,'Voluptatem enim illum ipsam qui. Quia enim qui molestiae laudantium magnam ipsa sint. Corporis eum doloribus dignissimos. Dolorem reiciendis voluptatibus nam animi.',253,'2012-10-28 18:50:59','2020-02-19 21:58:37'),(18,131,'Quisquam labore maiores animi et. Qui optio veritatis debitis praesentium sequi. Hic ut et ipsum vero consequatur.',10,'2010-11-18 16:46:15','2020-03-18 08:46:10'),(19,98,'Nobis voluptate id mollitia illo libero illum quo. Quo magnam accusamus ad corrupti esse totam corrupti. Pariatur et magni harum doloribus magni.',251,'2015-03-18 21:23:01','2020-01-24 17:51:33'),(20,35,'In necessitatibus facilis saepe iusto possimus. Velit quaerat dolorum in quia alias. Voluptatem aspernatur molestiae amet voluptas suscipit.',200,'2013-12-28 23:17:53','2020-04-13 18:29:54'),(21,99,'Libero earum ab excepturi. Fugiat esse asperiores dignissimos sed quisquam. Dolorum voluptate et et hic nobis labore. Dolorem et est neque.',252,'2014-11-05 05:15:20','2019-07-09 05:54:30'),(22,23,'Doloremque quibusdam maiores quasi sed nam asperiores. Est voluptatum at eius ducimus totam distinctio est quas.',91,'2020-05-03 14:58:47','2019-10-09 15:03:06'),(23,146,'A voluptas non rerum ut qui. Repellendus qui sit architecto ex et aliquam. Quia esse veniam commodi quia et.',7,'2014-04-28 06:57:19','2019-12-13 16:24:45'),(24,150,'Nemo reprehenderit rem voluptatibus voluptatem eos ut voluptatum. Magnam voluptatibus velit rerum. Quia quasi molestias quam sequi ut ratione quis.',226,'2020-03-13 20:40:59','2020-05-17 06:51:53'),(25,2,'Aperiam dolores quia veniam repellat dolorum earum nihil. Placeat in eius quidem laboriosam asperiores iste tempora. Voluptas optio exercitationem est.',211,'2019-08-24 14:31:07','2019-07-02 14:31:29'),(26,86,'Blanditiis debitis inventore voluptatem facilis. Consectetur est molestiae et cumque occaecati consequatur voluptatum. Id est rerum voluptate autem sint voluptatem est optio.',62,'2013-07-22 19:53:15','2020-01-02 11:39:51'),(27,114,'Nihil ad doloribus nemo ut dolores tempore in rerum. Sed sunt eos ut placeat delectus. Quia id officiis ipsam totam rerum.',94,'2012-05-21 10:23:52','2019-11-27 03:14:05'),(28,4,'Tempore impedit aspernatur neque et nisi molestiae. Explicabo a adipisci praesentium eum nihil deleniti et. Eos et sequi porro quae sed sint repellendus nulla.',26,'2013-08-13 19:03:15','2019-12-05 11:19:29'),(29,150,'Quae at quas dignissimos eaque qui odio. Enim molestiae impedit ea architecto et optio laboriosam. Vel incidunt nihil architecto incidunt reiciendis natus. Quod et rem quo repellendus reprehenderit.',203,'2017-11-21 15:03:29','2019-10-16 08:26:08'),(30,113,'Quidem assumenda ut impedit praesentium. Rerum assumenda autem doloribus. Rerum quisquam expedita occaecati nostrum consequatur perspiciatis tempora. Non rerum consequatur iusto rerum.',115,'2013-07-16 03:19:37','2020-01-13 17:26:31'),(31,31,'Non at cum ea quia amet. Deleniti dolorem pariatur quis error odit reprehenderit. Qui quaerat sit ut ad ea ipsa. Nam asperiores et et autem mollitia. Illum veniam in rerum ullam.',221,'2016-10-09 23:07:12','2019-08-07 02:44:23'),(32,59,'Fugit quasi distinctio tempore iure. Dolor consequuntur repellendus dicta. Et perferendis eum blanditiis. Veniam qui et voluptas recusandae possimus autem ipsa. Ut numquam ut et.',134,'2012-09-17 20:37:58','2020-01-07 05:52:19'),(33,117,'Perspiciatis cum aspernatur sed ullam quidem rem. Veritatis molestiae dolore in autem ea maxime ex. Aut et natus explicabo quibusdam.',190,'2011-05-15 21:48:02','2020-03-19 10:18:57'),(34,35,'Nobis sed ut ratione voluptatibus magni voluptatibus enim. Quae est ea et modi et.',286,'2010-09-05 17:56:21','2019-12-15 11:11:58'),(35,133,'Accusantium assumenda asperiores quis sit. Assumenda ut dolor consequatur sit quis. Ullam accusantium dolor dolore laborum quo. Ipsam molestiae optio molestiae autem at suscipit facilis aut.',278,'2015-12-22 12:05:35','2020-04-26 06:27:12'),(36,113,'Accusantium eligendi omnis quam odio error. Minus et consequatur sunt eum. Doloremque velit tenetur vel.',169,'2011-04-01 18:24:46','2020-04-20 05:56:43'),(37,17,'Aut ex in illum illum assumenda eum. Reprehenderit dignissimos ipsam atque et.',299,'2015-11-04 23:12:34','2019-07-14 08:24:20'),(38,96,'Fugit illo sit harum rerum harum quod saepe atque. Nihil inventore expedita dolorem sapiente dicta sit dolorum. Sunt facilis nesciunt voluptatem sed sequi iusto.',174,'2011-01-30 12:25:11','2019-10-24 00:29:11'),(39,68,'Aut dolore eius rerum atque voluptatem quia aut. Et assumenda nam reiciendis omnis voluptatum voluptatem eveniet. Harum autem debitis accusamus et ipsam. Beatae similique sit facere eligendi.',50,'2018-10-22 01:21:47','2020-02-28 22:51:54'),(40,119,'Aliquid nihil voluptatibus in molestias in numquam dolores. Reiciendis repellat dolores voluptas sapiente laudantium. Ut consequatur aliquam consectetur laborum.',55,'2016-12-03 12:13:55','2019-10-26 07:18:54'),(41,29,'Quia expedita non voluptatem in praesentium. Debitis vitae voluptatem ipsa dignissimos repudiandae dolores autem cupiditate.',134,'2014-07-20 22:40:02','2019-12-10 07:29:13'),(42,34,'Nemo harum molestiae quo voluptas ut. Excepturi est asperiores est culpa aliquid voluptatum. Rerum similique autem et hic et aliquid non quam.',57,'2014-07-09 17:20:34','2020-01-13 05:07:38'),(43,38,'Eligendi nulla possimus dolore iste laboriosam illo aperiam. Et consequatur totam aliquid laudantium. Alias sapiente atque et consectetur quia illo.',173,'2013-03-27 18:16:34','2020-01-27 23:00:05'),(44,33,'Eum sed illo quas dignissimos iste sapiente quia. Error temporibus aliquid earum minus sunt minima eum veritatis. Cupiditate qui omnis odit dolor.',145,'2011-06-12 19:17:09','2020-02-26 14:49:30'),(45,1,'Adipisci magnam voluptatibus minima et ex ab. Voluptatem reiciendis tenetur aperiam expedita tenetur sapiente. Cumque magni odit quae id autem aut ratione eaque. A ex officiis voluptas sunt dolor.',145,'2013-06-24 15:43:11','2019-12-28 20:14:47'),(46,97,'Inventore et enim qui. Repellendus id totam et quis. Cupiditate a sunt dolor nihil ut accusamus quod. Sapiente facilis perspiciatis nostrum iure.',289,'2013-05-14 08:59:49','2019-12-19 12:35:42'),(47,24,'Ea consequatur veritatis impedit perspiciatis qui cumque voluptate. Repellendus non error id veniam. Provident odit harum sunt numquam omnis.',121,'2012-08-22 16:05:46','2020-04-21 18:06:15'),(48,107,'Laborum repudiandae et ratione ea non. Voluptas quidem quis inventore delectus excepturi sed. Occaecati et voluptatem et illo. Aut vel omnis aut sed corporis qui.',202,'2010-07-18 04:30:49','2019-10-09 17:01:12'),(49,148,'Odio eius sint quo suscipit hic nemo. Nulla laborum minima id cumque non dolores. Maxime est ipsum provident qui tempora iste ipsam autem.',4,'2016-10-12 22:35:43','2019-08-14 18:58:36'),(50,106,'Molestias libero perspiciatis et quia distinctio vel saepe. Eveniet vero atque dignissimos aliquam. Porro voluptatibus eum quia quisquam praesentium quia dignissimos.',29,'2013-02-19 02:19:04','2019-09-14 12:10:14'),(51,1,'Aliquam qui id natus libero iusto. Optio veritatis voluptatem modi fugit adipisci quia numquam. Exercitationem non impedit voluptatum rerum excepturi. Quam sit atque ab quo molestias nesciunt.',168,'2017-04-03 02:01:52','2019-10-07 06:24:56'),(52,44,'A commodi autem quasi non sunt sed. Esse eos sed perspiciatis voluptas. Ut sunt qui quis beatae rerum voluptas.',95,'2011-12-15 19:18:33','2019-11-02 06:40:53'),(53,95,'Eius culpa id amet qui suscipit laudantium. Autem consequatur rem expedita eligendi in dolor. Quo quis facilis animi optio. Similique atque quis sapiente aspernatur tempore ad ea ut.',129,'2011-10-27 04:38:36','2020-01-22 03:06:15'),(54,84,'Eveniet qui omnis aut vitae nisi nemo velit non. Id quibusdam sunt consequatur porro quasi sed veritatis.',63,'2013-03-19 11:11:10','2020-06-06 16:49:12'),(55,105,'Sequi magni id animi quia quam et. Rerum ut ipsum qui ullam sit nisi quas. Eaque numquam dolorem quia voluptas voluptatem. Sunt atque praesentium quia accusantium voluptatem.',27,'2014-09-08 13:26:33','2019-11-29 04:53:27'),(56,124,'Cumque accusamus non aut est ut perferendis sequi. Sapiente dolor nulla vitae eligendi et. Maiores sequi neque placeat quaerat est dolorum quam.',146,'2012-03-22 20:22:50','2019-07-17 11:55:49'),(57,24,'Quas tempora autem magni molestias dolor ex. Molestiae rerum et corrupti exercitationem voluptas accusantium. Repellat rerum est eveniet dolorem saepe.',47,'2013-09-10 16:26:55','2019-08-20 01:50:39'),(58,89,'Nihil sint qui occaecati. Ea perferendis natus cupiditate tenetur voluptatibus. Iusto quibusdam odio id velit. Inventore sit reiciendis nihil quidem quia ducimus iusto.',106,'2014-03-23 23:22:34','2019-12-07 06:59:49'),(59,130,'Iusto provident illum et ea. Libero quis quas laborum ad. Atque eius quo ipsum ab. Voluptatem itaque est magni itaque iure nihil.',299,'2012-09-26 07:02:07','2019-07-18 13:02:54'),(60,75,'Repudiandae velit deserunt sint et quasi pariatur itaque. Earum et voluptatibus enim velit. Rem aliquam sint magnam voluptatem non tenetur. Ducimus magnam est voluptatem minima.',34,'2013-11-03 09:12:41','2020-04-06 02:17:06'),(61,59,'Sint id consectetur molestiae autem commodi qui. Quo provident repellendus nulla molestiae delectus consequatur. Velit et non non laudantium reprehenderit.',134,'2013-01-06 04:21:24','2019-07-10 17:44:54'),(62,146,'Est nisi qui sint quod error nesciunt est molestiae. Ullam corrupti qui tenetur unde error eveniet. Perspiciatis voluptatem eos non tenetur consequatur.',207,'2016-05-03 01:43:31','2019-10-18 22:50:09'),(63,2,'Rerum odit ut voluptate pariatur. Laborum officiis ducimus recusandae. Ratione exercitationem est omnis minima. Ratione placeat consequatur at a.',47,'2016-10-15 19:42:13','2020-01-09 12:12:21'),(64,126,'Consequuntur unde eligendi maiores dolores non. Saepe et reprehenderit provident corporis. Consectetur ipsum repudiandae recusandae dignissimos.',184,'2013-07-14 07:02:17','2019-12-13 12:35:45'),(65,64,'Fuga quibusdam similique aut voluptatem excepturi sit libero. Dignissimos ducimus et consequatur mollitia. Nulla numquam tempore sed maiores et culpa dolor.',45,'2011-01-13 23:05:34','2019-10-12 13:13:58'),(66,17,'Rem illum iure repellendus et et fugiat. Tempora numquam qui accusamus ducimus aut dignissimos magnam. Sint iure recusandae nam labore. Ipsam perspiciatis in non dolorem.',72,'2012-06-23 09:57:39','2019-11-30 01:38:07'),(67,84,'Quidem omnis culpa ad dolore eos. Et aut corporis sed provident magnam exercitationem qui. Fugiat unde id dolores rerum. Dolorem earum vero repellat voluptate libero.',271,'2010-06-24 22:26:31','2020-05-29 07:43:34'),(68,43,'Aut ipsum enim cumque sed. Dicta quia a cum dolores sit. Vel voluptatem earum libero. Sequi illo voluptatem rerum aut doloremque quia aut.',94,'2017-03-24 23:57:49','2020-05-08 23:13:12'),(69,110,'Aliquam in veniam corrupti dicta iure incidunt. Fugiat impedit et ab unde atque. Minus exercitationem est culpa numquam perferendis ea ipsam. Nisi quas unde voluptatem similique temporibus minima.',297,'2019-12-03 14:25:16','2019-12-23 01:03:18'),(70,10,'Omnis officiis ratione totam ipsam aut ut. Nam repellendus voluptate ut velit iste numquam tempora. Quia hic modi eum corrupti ipsa ut.',217,'2011-09-12 04:40:57','2020-02-09 09:12:34'),(71,77,'Distinctio occaecati id nihil harum. Et facere iusto voluptate. Quia sed non odio.',289,'2011-11-13 11:23:27','2019-11-27 05:51:30'),(72,55,'Impedit corrupti corrupti sit dolore rerum. Magni est qui magni reiciendis. Illo fugit dicta adipisci perferendis. Quia aliquam suscipit at repellendus ea est dolorem.',10,'2014-11-10 22:26:01','2019-11-29 11:11:52'),(73,83,'Libero molestiae hic tempore cupiditate tenetur labore. Aliquid nesciunt nam ex est omnis ipsum quis. Possimus autem dolorum cumque et odio ad.',29,'2014-10-09 00:03:16','2019-08-06 02:09:42'),(74,75,'Et laboriosam dolore assumenda aperiam consequuntur ut sequi sit. Omnis id cum veritatis atque tempora. Suscipit voluptas nihil nisi at sunt aliquid.',100,'2018-04-07 18:18:09','2019-12-02 14:19:16'),(75,122,'Consequuntur in ex cupiditate similique quaerat et. Deleniti totam hic consectetur quis nam magni. Delectus debitis adipisci qui aspernatur qui quia minus.',296,'2012-01-10 13:08:48','2020-05-22 15:19:05'),(76,29,'Neque veniam error saepe non. Veniam voluptate minima earum. Impedit expedita illo in quos asperiores consequatur laboriosam.',270,'2017-11-30 18:16:55','2019-11-11 12:55:44'),(77,2,'Omnis quas id porro. Reprehenderit dicta ipsum recusandae aspernatur iusto.\nRem consequatur vel facere quis animi ut. Quia nihil fugit ea. Et voluptatem et aut.',57,'2016-02-05 03:25:06','2020-04-21 15:34:08'),(78,127,'Pariatur sapiente voluptatem consequatur porro minus. Vitae velit totam autem quis doloribus quia. Et qui doloribus est saepe iusto iusto.',38,'2018-08-27 05:25:47','2019-08-12 07:33:36'),(79,70,'Id et illum dolor eaque eligendi odio. Natus nisi iste illo et dolorum velit expedita. Expedita omnis ratione minima a mollitia. Eveniet error ullam quisquam.',131,'2013-08-26 06:45:14','2019-10-29 01:23:18'),(80,83,'Atque distinctio harum ut aut molestiae tenetur repellendus. Maxime omnis aliquam eum. Dolores nulla labore labore facilis ducimus.',244,'2016-11-03 18:01:20','2019-11-01 07:34:18'),(81,40,'Dolores natus vero aut dolorem. Blanditiis ex delectus est fuga molestiae ducimus. Est sit qui omnis dolorem doloribus eaque deserunt.',174,'2017-08-31 18:04:26','2019-08-03 03:24:42'),(82,26,'Quae labore qui omnis fugit tempore explicabo. Est aut aut ab quia iste amet beatae. Qui assumenda perspiciatis nisi natus est.',167,'2018-05-10 04:56:18','2020-05-05 10:27:19'),(83,55,'Repellendus sed aut et sit ut. Dolore magnam velit commodi incidunt aut provident. Quae aut tempora nemo accusantium omnis. Officia enim soluta et quo itaque.',97,'2013-04-02 17:29:24','2019-12-28 03:20:45'),(84,35,'Sapiente perferendis dolor vel quisquam odit aut ab. Vero et earum pariatur quo. Molestiae voluptatem asperiores laborum quibusdam dolores.',250,'2017-11-14 05:38:01','2019-06-22 07:23:51'),(85,51,'Velit quam qui est voluptas. Commodi officia et et labore assumenda vel soluta in. Tenetur facere labore et.',112,'2013-12-19 15:26:46','2020-02-23 03:38:33'),(86,24,'Et occaecati et dolore rem officia eum. Debitis eum nulla velit voluptas. Facilis qui aut quidem. Earum perspiciatis eveniet non ipsa.',214,'2016-04-18 13:00:56','2019-07-13 20:49:51'),(87,13,'Et harum ratione totam incidunt aspernatur est iusto. Voluptates maiores commodi aliquam impedit aperiam repellendus. Est architecto nemo minima autem.',31,'2012-02-28 06:59:16','2020-04-15 12:53:51'),(88,95,'Eos quo esse animi. Ab ipsam eaque non ut mollitia inventore. Totam corrupti sapiente iusto quaerat nulla. Fugiat aut eos eum eius repellat dolores.',265,'2015-01-28 02:06:40','2019-07-21 16:35:48'),(89,146,'Et animi et sed consectetur et culpa aut a. Officiis voluptate beatae iste et sunt. Vel et voluptatum doloremque eos ipsum est.',262,'2016-01-14 21:10:38','2019-11-27 19:27:11'),(90,86,'Natus quibusdam ut deserunt eaque. Enim et quasi dolor at libero. Odit illum velit sed ipsum. Ut repellendus dolore soluta dolorem illum.',159,'2011-05-12 04:25:21','2019-09-27 00:03:11'),(91,18,'Assumenda dolorum autem cumque pariatur. Quisquam dolor quis quia fugiat quo. Ipsam sint et mollitia laborum et.',151,'2011-10-30 05:50:37','2019-11-04 16:23:27'),(92,107,'Vero aut molestiae veritatis error. Exercitationem at est maiores repellendus. Sapiente error aut nihil autem beatae quia explicabo sequi. Molestiae necessitatibus accusamus praesentium at.',256,'2020-03-12 06:00:30','2020-06-02 01:55:42'),(93,145,'Qui aut quam illo nulla rerum. Doloremque aperiam eligendi deserunt eligendi. Natus consequatur officia repellendus commodi necessitatibus.',186,'2013-03-08 10:46:10','2020-03-02 19:21:33'),(94,134,'Aut nam cumque expedita ea omnis at nam. Ea qui facere ullam. Sit natus aut sit officiis ipsam soluta.',254,'2016-06-22 04:28:07','2019-12-11 05:16:30'),(95,147,'Sequi et nesciunt sapiente at. In fuga aut accusamus et qui tempora. Sed id eos harum distinctio iusto repudiandae. Id at blanditiis inventore sit ipsum praesentium.',65,'2018-08-01 06:15:42','2019-09-10 19:02:57'),(96,111,'Ducimus reiciendis alias dolor. Facilis eveniet et maxime placeat doloribus ex voluptates. Cum aspernatur qui sint praesentium ratione inventore aut. Et necessitatibus veniam fugiat fugit.',226,'2012-12-02 13:21:18','2020-06-10 18:38:45'),(97,5,'Incidunt architecto odit rerum accusamus quos aut consectetur. Rerum ut veritatis in perspiciatis voluptas. Deserunt consequuntur suscipit nulla quam consectetur.',107,'2014-01-14 13:28:04','2020-01-21 22:43:48'),(98,7,'Esse doloribus consectetur sit quae repellat non eos. Voluptates eos accusantium quaerat. Laudantium corrupti molestiae expedita deserunt ut quam.',87,'2019-05-02 22:11:30','2019-09-30 08:42:04'),(99,118,'Perspiciatis doloremque animi quos maiores dolorem doloribus numquam. Quibusdam dolorum non repudiandae aut. Aut accusamus illum nihil et mollitia nesciunt.',206,'2011-12-20 10:57:23','2019-07-15 16:25:13'),(100,106,'Et voluptates vero quisquam maiores asperiores impedit. Debitis magni optio beatae dolore doloremque est aut recusandae. Praesentium adipisci et quae enim.',162,'2020-01-01 02:22:17','2019-12-31 11:20:56'),(101,18,'Rerum vel minima commodi officia recusandae esse perferendis facilis. Perspiciatis possimus inventore dolores ad recusandae. Dolor id dolor repudiandae tempora dolore.',198,'2017-11-11 01:06:07','2019-10-19 23:46:56'),(102,7,'Omnis autem quam et quidem. Quo eius ipsa sint omnis. Placeat similique voluptatem consectetur quaerat ipsam et amet vel. Perspiciatis et soluta magni qui aliquid dolorem nemo.',38,'2018-04-21 12:58:21','2020-03-31 17:26:04'),(103,124,'Voluptatem alias commodi voluptatibus repellendus maxime quibusdam aut. Maxime nam temporibus deleniti delectus dolores. Voluptatem id sed omnis omnis velit enim.',182,'2010-09-11 01:03:13','2019-07-09 13:09:13'),(104,48,'Laboriosam quia vero nihil fugiat sint reiciendis. Et non sint nostrum. Quos occaecati incidunt qui necessitatibus iusto nisi ut optio. Fugiat nam error illo quia.',250,'2018-01-10 18:04:32','2019-07-18 11:00:55'),(105,147,'Voluptatem maxime eum rerum est numquam. Voluptas exercitationem ipsa saepe est consequuntur. Odit et soluta ipsa cumque similique. Omnis sunt quasi commodi dicta quasi non delectus.',198,'2016-10-28 17:05:19','2019-09-17 11:22:51'),(106,97,'Odio facere magni velit ut culpa. Excepturi sunt quia modi culpa reprehenderit aut blanditiis. Dignissimos itaque voluptatem nihil est. Et odio iusto facilis voluptatem aliquid ut.',64,'2017-09-05 20:12:28','2019-12-09 08:16:13'),(107,81,'Quis et ipsam voluptatum. Quidem sit officia laudantium dolorem occaecati eos voluptatum. Error esse vel sed vitae ducimus doloremque dolor.',178,'2013-09-03 20:32:19','2019-09-08 02:02:02'),(108,64,'Qui eum sunt beatae ut incidunt. Rerum sequi et voluptatibus qui velit temporibus in. Voluptas placeat error consequatur nemo. Ipsam et quae incidunt corrupti.',289,'2012-01-20 22:00:23','2019-11-27 01:30:23'),(109,119,'Nostrum hic repudiandae mollitia vitae quos et ratione deserunt. Tempora numquam quibusdam tempore iusto.',213,'2012-06-05 14:28:08','2019-08-02 01:59:19'),(110,53,'Voluptatibus est molestias voluptate voluptates libero. Mollitia quo id quas rem vero quibusdam.',79,'2015-10-13 22:37:56','2019-12-13 23:26:01'),(111,68,'Error a excepturi pariatur omnis repudiandae. Rerum non laborum aliquid distinctio amet blanditiis doloremque. Consequatur quos ea et.',70,'2019-11-19 08:42:31','2020-03-27 12:48:09'),(112,22,'Ea inventore quas dolores. Dolorum pariatur magnam possimus aut qui. Eligendi qui quo enim sit natus est.',63,'2011-04-23 07:31:45','2020-03-29 16:39:48'),(113,3,'Enim nihil aut laudantium inventore. Eius dolorum neque nesciunt cumque. Magni eius repudiandae quia quo consequatur ad.',39,'2018-03-18 11:14:26','2019-11-26 20:42:52'),(114,72,'Et et atque praesentium voluptatum ea iste. Iure quia fuga fugiat consequuntur nostrum. Ullam ut molestiae dolores consequatur. Similique occaecati magnam et omnis maxime.',205,'2012-04-27 22:34:32','2020-04-27 18:26:06'),(115,35,'Beatae dignissimos dolorem ipsum aliquid aut voluptatem. Qui repellat beatae libero et et. Sed hic amet veritatis et totam.',162,'2018-07-26 01:36:42','2020-06-11 20:57:08'),(116,31,'Totam voluptas minima aut voluptatibus dolor nisi tempora. Id hic cumque quasi error tenetur earum quos. Voluptatem et sit ratione est aliquam. Corporis maxime porro nemo et.',221,'2020-04-03 19:09:01','2020-03-21 18:37:53'),(117,13,'Animi reiciendis sunt et ea. Quia sint sed voluptatem. Hic et esse sapiente rerum. Laborum et dignissimos vel recusandae ut.',297,'2010-11-07 22:38:21','2019-06-13 21:27:24'),(118,43,'Quos nam ad inventore sit ratione. Autem laborum nemo et quam. Voluptas quisquam et corrupti commodi doloribus eligendi totam dolor.',63,'2020-03-27 19:55:40','2020-04-28 13:08:45'),(119,19,'Est voluptatibus repellendus dicta aut ut dignissimos sunt. Totam corrupti maxime omnis illum labore. Non delectus qui nisi. Porro quia possimus ad aliquid qui optio explicabo nesciunt.',258,'2017-08-30 21:33:56','2019-08-07 19:38:37'),(120,131,'Neque aut quibusdam eligendi et. Ipsum ut rerum numquam. Quae odit atque voluptatem ex quisquam sunt.',93,'2016-07-28 06:51:33','2019-10-08 20:19:56'),(121,23,'Omnis inventore in voluptates dolores. Quia temporibus est praesentium recusandae. Vitae nulla recusandae quisquam cumque vel autem.',241,'2019-06-06 10:04:41','2019-09-04 16:33:04'),(122,31,'Molestiae qui unde doloribus ullam. Accusamus quo non est perspiciatis vel architecto ut. In eos id voluptas magni aperiam minus iusto.',293,'2013-10-30 17:15:42','2019-09-26 11:12:40'),(123,67,'Et laborum inventore dicta cumque illum quisquam est. Quasi iste sunt deleniti qui qui. Ea laboriosam accusamus inventore consequatur voluptatem est. Nostrum id quisquam vero pariatur libero esse.',219,'2019-07-23 04:08:15','2019-11-26 10:35:45'),(124,33,'Voluptatibus quidem animi iusto voluptatem. Quis mollitia sunt sapiente voluptatibus. Temporibus nesciunt explicabo quia earum ut dolor vitae.',37,'2010-09-05 09:42:07','2020-03-15 16:15:46'),(125,80,'Ab hic iste sit optio iusto blanditiis. Omnis veritatis consequatur eum ea veniam.',106,'2016-07-20 07:22:01','2019-11-12 19:27:30'),(126,3,'Reiciendis numquam illo consequatur odit quo soluta. Quo quae debitis deserunt doloribus esse. Aperiam facere occaecati sit aut omnis velit sint rerum. Earum voluptatem doloribus quia qui.',271,'2014-04-08 10:16:53','2019-09-07 14:59:54'),(127,11,'Commodi voluptas quidem aut quo laudantium sunt sint ut. Nemo quis quo suscipit delectus. Ab fugit quo rem sit repellat harum itaque.',10,'2017-01-20 11:05:26','2019-12-14 23:03:26'),(128,137,'Voluptas deleniti iste neque ut iste nostrum reprehenderit suscipit. Similique eum nulla sit eveniet. Eum iure ab quam necessitatibus ipsa ut.',195,'2017-04-30 23:13:36','2019-12-13 19:51:52'),(129,94,'Est iure modi laborum blanditiis. Ut nihil ut a quam in totam illo. Aut facere maxime voluptatem omnis in dolore.',125,'2013-08-20 03:00:54','2019-11-10 12:25:47'),(130,117,'Dicta sit voluptas et eum quisquam sed quo. Dolor qui odio eligendi. Deleniti ipsa explicabo ut voluptatem eligendi. Illo est exercitationem maiores consequatur.',68,'2017-12-14 15:10:38','2020-02-07 09:57:10'),(131,120,'Qui aliquid ut qui assumenda voluptatibus. Minima non sed doloribus ex sapiente alias veritatis voluptatem. Molestiae aliquam ipsum aliquid odit cumque aut fuga.',143,'2010-11-15 01:39:19','2019-08-05 08:26:18'),(132,1,'Quia rerum et praesentium magnam. Nobis eos in architecto consequatur. Ut a blanditiis sint occaecati. Quidem quam impedit laborum ut beatae.',66,'2018-02-09 04:04:34','2020-03-28 07:33:56'),(133,107,'Totam rem voluptatum est et necessitatibus. Optio quasi hic asperiores nulla sapiente aut dolor. Occaecati eum quam nam sed quis ea.',265,'2012-08-04 13:57:38','2020-03-02 02:22:52'),(134,39,'Placeat asperiores unde et iure. Sapiente sint debitis cumque illo molestiae ut. Quis tempore ratione et impedit voluptas velit.',184,'2014-09-16 04:14:25','2019-10-10 02:27:00'),(135,82,'Quae qui consequatur accusamus. Ducimus impedit dolor quis tenetur dolorum. Repudiandae pariatur ex atque sed fugiat. Odit consequuntur est et maiores est fuga explicabo sed.',22,'2018-05-02 12:59:10','2020-04-23 15:25:28'),(136,4,'Provident sed doloribus distinctio quo in quia. Deserunt dolores occaecati facilis iste itaque ipsam. Voluptatem iste et sit est aut. Dolorum earum beatae dignissimos iure cupiditate.',252,'2018-11-14 06:06:09','2019-08-25 16:32:34'),(137,69,'Eius ullam alias et iure voluptatibus quod consequatur. Aut quia consequuntur quam excepturi eos nostrum possimus.',187,'2020-04-10 05:45:44','2019-06-17 17:29:27'),(138,135,'Cupiditate in sapiente quis molestias eos minus. Provident aut fuga ipsam ut et cumque excepturi. Et et quis eveniet eum eos. Blanditiis rerum quisquam enim nisi eos et fugiat.',287,'2017-10-30 10:03:10','2020-02-20 18:31:49'),(139,91,'Et beatae voluptatem provident saepe voluptate beatae corrupti ut. Velit beatae tempore quia. Totam sed et numquam maxime.',189,'2018-03-10 07:47:10','2020-03-20 17:34:14'),(140,27,'Autem aut occaecati quae culpa autem. Adipisci voluptas at iusto autem quos nihil. Eum provident quod aut exercitationem aliquam. Et sit et est sit ea earum vel. Culpa nesciunt in cum deleniti.',154,'2014-12-16 15:34:21','2020-02-17 03:26:24'),(141,66,'Facere aut expedita et omnis quidem dolores ratione. Architecto in numquam dolor. Consequatur explicabo iste ut magni quia dignissimos. Sint illo dolorum doloremque aperiam quasi sunt nesciunt.',126,'2011-06-15 19:21:55','2019-08-01 19:50:04'),(142,29,'Doloremque reiciendis hic eum omnis. Pariatur eum voluptates tenetur qui. Quaerat quia et voluptatum ut dolore corporis amet. Ut alias consectetur natus architecto placeat autem in.',100,'2011-07-18 03:57:48','2020-03-30 14:47:06'),(143,40,'Harum est voluptatibus tempora quod sed. Placeat assumenda error voluptatem accusamus quidem. Dolor hic ipsum tenetur in. Enim nemo veritatis nulla eaque.',18,'2013-08-30 20:28:59','2019-06-25 04:21:28'),(144,87,'Eum eum possimus soluta maiores repellat qui impedit atque. Aspernatur et exercitationem iste quae dolor magni ratione. Et aut nostrum voluptas laboriosam.',298,'2020-02-01 10:34:57','2019-12-19 23:25:54'),(145,123,'Optio in velit saepe consequuntur. Cupiditate aut et architecto labore nihil pariatur consectetur. Id dolores expedita ut est. Excepturi repudiandae non error doloremque et autem architecto ut.',92,'2015-01-04 23:27:45','2019-09-06 14:13:24'),(146,67,'Voluptas architecto ut neque eos ratione. Qui veniam aliquam debitis et qui atque. Velit et aut unde ex corporis occaecati.',50,'2019-07-01 10:51:38','2019-11-20 06:12:02'),(147,77,'Numquam earum dolores qui. Et consectetur quaerat est neque. Quidem laborum quis inventore a.',249,'2014-06-29 12:36:26','2019-07-29 21:49:03'),(148,92,'Unde velit vero dolores quam illum ab. Cum eum aspernatur sed qui unde nobis. Itaque praesentium cupiditate amet et nostrum. Quis aut voluptate molestias earum.',290,'2015-07-01 05:46:21','2020-04-20 20:08:12'),(149,137,'Qui amet sed excepturi explicabo excepturi. Itaque explicabo architecto aut et distinctio architecto. Assumenda velit tempora non nihil animi enim eos.',282,'2012-05-12 15:58:19','2020-03-15 05:21:27'),(150,92,'Quam in saepe quis quod voluptatibus. Et ut ut quasi accusamus. Libero dicta qui et qui.',222,'2016-06-07 02:14:29','2019-10-18 16:24:36'),(151,94,'Ipsum possimus magni libero voluptatem aut. Minus a debitis a modi vel aspernatur similique. Ea ducimus tempora doloribus fugit aut alias assumenda et.',257,'2015-06-30 15:28:39','2019-09-21 07:30:09'),(152,140,'Natus placeat placeat et non quo. Nesciunt quibusdam exercitationem molestias vero. Dolorem esse provident nesciunt. Qui qui officiis temporibus quo.',11,'2018-07-08 13:27:31','2020-05-31 12:40:47'),(153,67,'Velit sunt eos quidem culpa animi saepe a qui. Laborum corporis repudiandae nostrum perferendis iusto odit. Voluptatem aperiam est rerum rerum.',66,'2010-09-15 11:28:10','2020-06-04 18:29:23'),(154,62,'Quasi qui est minus alias culpa. Ratione et est sunt id suscipit vel.',174,'2010-08-16 06:13:11','2020-01-27 07:11:42'),(155,42,'Qui doloribus rerum earum occaecati. Sed qui amet facere placeat.\nQui ipsam fuga cum aliquid id est. Possimus reprehenderit porro cumque odit.',69,'2013-09-01 17:21:21','2020-05-13 11:10:25'),(156,40,'Cum nesciunt ad adipisci pariatur aut minus iure recusandae. Maiores et et est dolore. Enim accusantium aliquam cumque et itaque. Neque sapiente optio molestiae distinctio quam iusto error.',299,'2019-01-29 16:08:37','2020-02-21 21:07:37'),(157,142,'Ut similique dolor nesciunt corporis vel dolores a. Velit ab omnis vel possimus. Quisquam voluptatum et molestiae aspernatur eaque atque temporibus.',41,'2012-05-04 00:08:29','2019-10-24 00:09:05'),(158,92,'Est quasi ad delectus iure. Alias distinctio aut velit labore suscipit. Est quasi illo non molestiae.',240,'2014-05-27 16:56:46','2019-06-16 09:04:47'),(159,26,'Nam odio officiis voluptates et voluptatibus labore temporibus vero. Omnis debitis perspiciatis voluptatem voluptatem deleniti soluta.',147,'2011-05-20 09:24:22','2020-06-03 04:37:16'),(160,12,'Et voluptatem minima unde nostrum aperiam necessitatibus hic. Maiores libero voluptas nesciunt dolorum repellendus sunt numquam. Sequi eos tempora et quae commodi repellendus sed perspiciatis.',164,'2015-09-20 23:20:54','2019-08-03 12:18:52'),(161,39,'Id id sapiente explicabo. Numquam porro ad voluptas et eos commodi quae est. Aut ut eligendi vero ut neque. In qui quo deserunt.',158,'2016-12-23 09:39:49','2020-05-28 22:20:11'),(162,110,'Consequatur impedit possimus ullam nostrum amet. Corporis aut voluptatum et quam et. Illo perferendis blanditiis quos et esse eaque est.',252,'2011-11-01 08:27:48','2019-08-09 19:56:54'),(163,140,'Ut et facere laboriosam dolorem sed. Impedit sit illum dolor voluptatem et maiores qui repudiandae. Laboriosam non et eligendi sed architecto animi modi. Veritatis nesciunt vero quisquam aut.',268,'2015-10-28 03:02:12','2019-08-01 22:37:13'),(164,131,'Aut corrupti molestias exercitationem corporis. Et qui voluptates ratione ut. Incidunt dolorem et eos esse est atque sed. Rerum officiis tempore impedit ad inventore facere numquam.',165,'2017-05-20 07:39:30','2020-02-24 20:39:51'),(165,133,'Nihil corrupti nobis aut incidunt cupiditate. Doloremque ullam sit nihil iste deleniti vero doloremque assumenda. Nam quia officia enim autem est.',134,'2012-03-28 14:01:35','2020-04-02 23:05:04'),(166,66,'Quod minima quia rerum et. Id magni consectetur provident facere nesciunt unde ut. Sunt nostrum id non vitae aut.',39,'2012-02-26 19:04:35','2019-11-07 03:16:23'),(167,71,'Et et amet autem molestiae dolor. Doloribus cupiditate possimus ad et magnam veniam voluptas. Quae tempora at et animi cumque aspernatur reprehenderit facere. Repellendus quia dolores nulla voluptas.',83,'2014-07-28 12:54:23','2019-08-10 14:54:24'),(168,10,'Et nobis sunt non ut aperiam consequatur. Quasi animi consequuntur explicabo tempore itaque dolorum. Iure animi sint eum mollitia. Possimus aliquam qui blanditiis ut sint.',103,'2010-07-16 20:08:27','2019-11-01 23:01:08'),(169,62,'Voluptatem delectus modi quaerat sunt inventore eveniet sint aperiam. Cum at quis quia eum vel non eos. Et dolor unde sunt officia voluptas.',16,'2019-02-28 20:03:23','2019-11-05 08:10:46'),(170,123,'Consectetur rerum animi nisi aut dolor molestiae totam. Ut delectus natus non eos. Id autem nam itaque.',53,'2016-07-29 15:44:40','2019-06-19 02:37:55'),(171,107,'Qui repellat illum accusamus eos doloremque. Ut minima numquam vitae. Quasi qui aut tempore dolore accusantium voluptatem sint quasi.',152,'2019-05-19 16:10:53','2020-03-10 21:43:18'),(172,126,'Veniam omnis officia maxime sequi non. Omnis aspernatur aut qui assumenda vel sequi et. Ut eum qui nihil. Perferendis omnis ipsum labore modi officia rerum.',30,'2012-06-30 18:47:27','2020-03-11 06:51:56'),(173,51,'Incidunt nisi optio dicta pariatur. Placeat velit libero autem sed. Et possimus eum dolorem adipisci qui.',160,'2015-10-12 10:08:23','2019-07-11 00:38:55'),(174,25,'Expedita eaque est quod. Et voluptas maxime ducimus cupiditate fugiat quo. Voluptatibus illo quod eos ullam quas.',124,'2012-10-20 20:22:22','2019-10-15 06:02:39'),(175,146,'Ea est iste ullam distinctio. Asperiores quisquam fuga enim deleniti. Odit sit et sit voluptatem. Et voluptatem minima fugiat.',121,'2014-10-22 20:05:12','2020-02-28 04:25:13'),(176,20,'Qui omnis explicabo et. Temporibus odit rem dolores velit deleniti est labore corporis. Recusandae consequatur vitae odit architecto totam.',117,'2020-02-14 10:36:14','2019-09-06 13:50:55'),(177,108,'Commodi molestias debitis iste qui exercitationem architecto quod. Et sunt mollitia quo fugiat et blanditiis. Est maxime ut quas vitae rerum eos suscipit. Assumenda quisquam distinctio ut est minus.',184,'2017-09-13 14:38:51','2019-12-31 10:14:48'),(178,128,'In quia cupiditate voluptas voluptas. Aut laudantium odit repellendus dolorem excepturi accusamus. Aspernatur provident sed asperiores nihil eius. Iure sunt placeat molestiae aut tempore porro.',234,'2012-08-14 13:54:09','2019-10-24 17:40:10'),(179,93,'Sed consequatur voluptates molestiae facilis excepturi non iste. Quis deserunt sapiente quia quisquam odit in. Aut qui debitis dolores excepturi. Magni quos deleniti unde recusandae iure repellat.',116,'2018-12-18 20:39:46','2019-07-14 20:13:39'),(180,150,'Tenetur debitis quae quasi eligendi placeat laborum. Quo minima est molestias. Et est aut voluptatem. Debitis voluptatem possimus minima illum harum quis fuga fuga.',59,'2015-08-03 23:54:26','2019-08-20 20:20:58'),(181,124,'Aliquid quae at accusantium blanditiis dolorem. Ab facilis eos ut animi. Illo beatae consequatur neque nesciunt omnis eum. Impedit eos sit quos.',29,'2015-03-21 16:16:27','2020-06-02 19:46:00'),(182,98,'Ut non qui velit non eum laboriosam et. Sapiente nihil modi qui eum omnis sed perferendis reprehenderit. Itaque aut cupiditate est quod. Explicabo vero impedit omnis hic facere.',151,'2019-08-03 02:33:02','2019-12-05 17:11:14'),(183,67,'Laboriosam facere voluptatibus aperiam sed ut dolorem. Sed non quia expedita error maxime adipisci. Officia voluptatibus perspiciatis incidunt similique quia accusamus.',173,'2017-04-30 20:41:56','2019-10-27 08:40:46'),(184,123,'Ex possimus quod culpa quasi officiis. Nemo unde quidem praesentium eos odio maxime placeat. Est cum soluta est fugit harum optio vitae.',97,'2015-04-21 03:29:47','2019-12-10 15:53:03'),(185,76,'In explicabo aliquam aut enim qui quod. Sint eaque ipsam possimus repellendus quam repudiandae. Minus perspiciatis id molestiae dolor eius officia.',146,'2014-07-26 21:27:08','2019-10-01 15:13:59'),(186,73,'Qui commodi consectetur aut exercitationem nostrum. Dolore ullam consequatur suscipit alias doloribus omnis a qui. Non quo dolor et illo. Velit sed qui aut.',299,'2011-11-13 06:20:46','2019-09-26 20:17:28'),(187,2,'Eos quia voluptatem recusandae et optio voluptatem. Qui sint in totam consequatur. Culpa quibusdam architecto iure molestiae cupiditate. Quis cumque sed consectetur laudantium voluptatem qui.',65,'2010-10-30 07:35:19','2020-01-26 06:50:49'),(188,150,'Saepe quaerat molestiae molestiae. Quae molestiae nobis quia est aut consequatur voluptate.',128,'2017-10-10 19:00:49','2020-04-02 00:17:34'),(189,4,'Blanditiis dolorum repudiandae repellat esse sit veritatis harum. Aliquid accusantium quis et doloremque eum quos et. Quos deleniti magni dolor. Autem eum ullam ut maiores.',240,'2012-05-14 11:04:09','2019-12-07 19:47:49'),(190,133,'Quisquam similique dolorem possimus labore. Odit distinctio magni odio veniam nihil error fugit. Dolorum harum sit recusandae modi ab.',114,'2014-12-09 23:32:12','2019-08-28 20:14:46'),(191,10,'Consequatur minima aut iusto tempora nobis dolorem. Eum dolores maxime ea dolorem consequatur facilis ipsa. Veniam tenetur et voluptatibus sed quia rerum unde.',28,'2015-02-07 14:15:36','2020-03-21 08:32:11'),(192,54,'Praesentium animi dolorum et fugit. Rerum quidem eum at quos enim. Officia quidem debitis ratione eaque eaque.',112,'2010-12-18 11:40:59','2019-10-26 09:33:10'),(193,59,'Et nisi quibusdam voluptatem quam et. Magnam a enim officia non. In consequatur ut cum voluptatem rem fugiat sed sed.',116,'2012-09-17 03:40:04','2020-05-02 00:18:03'),(194,122,'Explicabo numquam repellat tenetur iusto rerum. Architecto et incidunt esse ipsum saepe dicta. Perspiciatis est unde aliquid cumque consequuntur.',291,'2013-01-11 18:35:03','2020-02-23 01:24:23'),(195,88,'Veniam ut non et. Assumenda praesentium et molestias eius quisquam dolor sed. Aut modi et consequatur corporis labore quo a. Ducimus nisi hic fugiat est.',210,'2011-06-22 02:14:06','2019-08-07 04:37:07'),(196,93,'Ea sint omnis dolore quo excepturi minus. Optio error cum et occaecati sunt recusandae et. Voluptas delectus fugiat iusto rerum. Dolorem error occaecati ut. Qui quisquam sed et.',27,'2018-10-17 23:38:05','2019-06-23 01:39:52'),(197,43,'Nemo harum esse distinctio optio dolorem. Delectus similique et sapiente similique quia sapiente. Dolorem quasi sit culpa corrupti minima nemo.',252,'2017-08-11 06:34:26','2020-05-31 13:34:15'),(198,71,'Fuga quia et voluptatum libero repellat quis. In quisquam facere dolores non distinctio. Cum ea deleniti est enim. Voluptas non sunt doloribus.',234,'2011-10-25 17:05:22','2019-12-07 09:14:51'),(199,106,'Velit aut accusamus voluptatem saepe enim aut. Praesentium est iusto rerum similique dolorum. Necessitatibus quia totam modi vel et porro. Minus temporibus repellendus voluptas.',282,'2012-04-13 11:15:59','2019-08-31 19:12:07'),(200,83,'Et quia sint voluptatibus doloremque facilis illum voluptas. Assumenda accusantium nobis enim qui ut. Doloribus accusamus ex rerum qui perferendis. Velit illum nihil vel iusto laborum aut.',125,'2017-03-06 08:57:57','2020-06-02 12:01:07'),(201,131,'Ut est velit aut et consequatur praesentium cupiditate. Ea culpa expedita suscipit pariatur ipsa quis quisquam. Magni placeat quos aut magni dolorem ipsam. Dolores quos nam rerum quia odio.',190,'2012-12-13 11:51:30','2020-01-14 11:39:07'),(202,4,'Debitis maiores et molestiae delectus sunt sunt. Error dolores doloremque repudiandae laborum reiciendis ipsam commodi. Consequatur quasi quas tempora.',145,'2020-03-20 17:39:47','2019-08-07 21:59:01'),(203,38,'Asperiores sit dolores est. Culpa laudantium doloremque ea vel sequi. Ab ex quod voluptatem voluptate quo.',210,'2016-01-08 12:22:00','2020-03-28 08:25:26'),(204,100,'Numquam amet iusto omnis perspiciatis. Eaque sit voluptas quidem praesentium dolores sint autem. Amet minima repellat perferendis ut magnam asperiores possimus. Occaecati pariatur quasi alias eius.',224,'2018-12-29 18:38:55','2020-06-01 13:24:49'),(205,51,'Iure at est error aliquam ipsa nulla. Numquam magnam consequuntur autem nisi omnis consequatur. Facilis facilis laboriosam dolores cupiditate. Iure enim nostrum eum.',126,'2018-11-10 16:23:54','2019-12-15 10:19:44'),(206,60,'Ullam sint porro nemo perspiciatis illum. Voluptas voluptate natus aut et quas maiores. Voluptates dignissimos quia possimus. Id sit neque repellat.',237,'2013-12-06 20:05:33','2019-12-11 01:50:43'),(207,109,'Debitis aliquid voluptatem nulla saepe ducimus eum. Fugiat deserunt quia ut veniam dolorem a voluptas. Molestiae amet quisquam provident distinctio.',298,'2016-10-11 00:06:46','2020-01-12 10:39:14'),(208,82,'Velit doloremque repellendus aut occaecati. Vero facilis sapiente asperiores ut. Id ut fuga sit.',296,'2015-12-18 13:26:32','2019-10-15 16:12:28'),(209,2,'Fugit et nostrum rem alias minus. Illo ipsum eum rem autem occaecati cupiditate voluptatem. Nemo reprehenderit est dignissimos fugiat enim voluptate maxime.',167,'2015-05-08 08:00:30','2019-11-23 13:52:50'),(210,30,'Exercitationem a est velit aliquam quia fuga. Aut neque eius quibusdam dolores debitis molestiae. Ad quia iusto maxime est velit. Quis voluptas in sit quisquam autem.',243,'2015-05-25 05:51:52','2019-10-01 10:02:08'),(211,141,'Molestias non reiciendis non eligendi ut quidem qui tempore. Ut nesciunt voluptatem ad quam est voluptate. Velit vero non officiis nihil perferendis voluptas.',136,'2019-10-19 07:16:32','2019-12-02 22:57:34'),(212,91,'Dolore voluptatem expedita qui qui ab voluptatum id. Autem sit facere itaque molestiae non. Est repudiandae totam alias eum perferendis voluptas nulla.',221,'2016-11-21 03:05:18','2019-12-07 22:13:54'),(213,13,'Unde fugit dolores vel et nihil. Incidunt architecto ipsam consequatur. Quae non fugit modi rem doloremque. Earum sed non voluptas consectetur assumenda debitis.',297,'2018-08-25 03:15:16','2020-04-07 07:07:39'),(214,59,'Culpa corrupti et quo. Omnis dignissimos minus aut et sit. Illum voluptas cupiditate recusandae et hic.',75,'2016-09-29 22:33:04','2020-02-21 19:30:02'),(215,70,'Dolor earum non rerum nobis libero omnis earum. Beatae deleniti nesciunt accusamus dolor nam. Velit quo quia quis sed molestiae. Qui dolore et voluptates deserunt enim.',19,'2011-10-14 03:15:35','2019-09-16 00:16:42'),(216,46,'Ut sunt deserunt sed cum. Praesentium omnis consequatur aut vitae. Ipsa alias eligendi vero earum ipsam mollitia.',152,'2017-10-18 11:48:55','2019-07-29 18:37:55'),(217,41,'Explicabo unde id qui dolores libero. Sit quidem commodi itaque aperiam ullam. Assumenda perferendis culpa quisquam in est at quia. Distinctio aut eveniet delectus vero iusto.',281,'2011-10-19 11:04:34','2020-06-07 07:50:29'),(218,40,'Velit beatae omnis sint cupiditate labore et. Amet aut veritatis id nostrum et. Vel saepe ea et.',253,'2011-06-29 07:53:44','2020-02-03 19:25:06'),(219,18,'Voluptas et a velit maiores reprehenderit. A hic et et mollitia.',180,'2011-11-15 14:28:54','2019-08-18 10:01:20'),(220,120,'Assumenda repellendus aliquam eaque voluptate nihil sunt distinctio. Ad ut et omnis quis sint. Sit illo nisi eos quod. Qui ea et sint incidunt perspiciatis voluptatem.',46,'2011-01-03 02:30:51','2020-02-02 14:37:37'),(221,58,'Cupiditate aliquid fugiat blanditiis voluptatem aut. Qui omnis non laboriosam consectetur. Repellat tempora inventore eos.',213,'2011-09-17 18:27:33','2019-07-09 06:26:09'),(222,148,'Reprehenderit dolor aperiam ut quos. Eligendi maiores totam qui id. Magnam explicabo et qui. Mollitia odit voluptas dolorem similique ut illum id.',17,'2015-10-12 06:47:38','2019-08-22 19:30:23'),(223,29,'Autem at accusantium nulla vitae. Ex et fugit ducimus ad quos ipsum. Voluptatibus dolores enim maxime similique quas. Exercitationem facere esse dolorem id.',104,'2014-11-03 09:55:57','2020-01-03 16:03:31'),(224,39,'At quis rem autem aut voluptatem voluptatem eum. Laborum accusantium est neque culpa aut. Saepe ullam qui minima.',265,'2012-11-10 21:29:10','2020-05-13 17:54:41'),(225,110,'Delectus laborum et consequuntur. Magnam omnis cupiditate et non voluptatem aut eos deserunt. Nemo maxime aut autem earum voluptas placeat. Assumenda consequatur neque saepe aut.',298,'2017-12-06 13:00:01','2019-08-04 10:14:12'),(226,11,'Quia voluptas maxime minus. Dolorem illo adipisci natus sed nisi. Sed quo molestiae libero quibusdam sunt illo.',110,'2016-09-15 06:19:47','2019-08-07 23:55:01'),(227,112,'Accusantium iste ut ad neque molestiae ullam. Culpa reprehenderit dolores eligendi amet rerum. Voluptatum dolor repellendus earum quibusdam cumque nihil quibusdam doloribus.',153,'2010-07-18 03:50:27','2020-01-14 06:52:20'),(228,122,'Omnis quibusdam vero dolores nisi qui quis ipsam. Enim officiis voluptatem nisi. Ex omnis animi dolores quia voluptatem beatae excepturi at.',100,'2015-10-09 07:19:24','2020-03-26 23:24:07'),(229,46,'Dolores optio harum inventore eligendi et nobis. Sunt quaerat eos dolores et cupiditate aperiam. Laboriosam dolorem dicta sunt est totam.',7,'2018-04-19 14:22:45','2020-02-26 04:26:24'),(230,12,'Libero voluptates at architecto id. Nihil ut laboriosam maxime ipsa modi id vero deserunt. Quibusdam voluptas eaque in similique velit.',265,'2013-12-15 12:04:58','2020-01-27 08:50:40'),(231,10,'Numquam natus ea in et sit ea sint. Sit dolorum voluptatem eos pariatur consequuntur autem voluptatem. Mollitia magnam asperiores qui sed dolores iusto. Rerum quo facere sed velit quis.',39,'2012-03-28 14:22:39','2019-10-29 19:00:14'),(232,67,'Natus recusandae qui voluptatem culpa officia possimus. Perferendis ad dignissimos distinctio quia et. Et reiciendis maxime ut velit.',86,'2016-10-31 11:24:02','2020-04-23 07:36:07'),(233,47,'Et illum amet non quo. Ut nostrum deleniti nihil vel qui. Dolore voluptas aut quia quos magni. Sit nulla repellat non minus ullam cum et facilis.',39,'2018-06-20 07:42:14','2019-06-20 08:12:51'),(234,98,'Ut hic magni sint delectus voluptates mollitia. Eius dolorem in exercitationem quidem ex dolorem. Et maxime nam delectus iure.',89,'2010-11-26 02:00:22','2020-06-07 11:58:49'),(235,67,'Enim rerum earum possimus molestias temporibus laboriosam consequatur. Magnam molestias atque praesentium et qui porro id. Expedita ex quibusdam et expedita ad et et. Enim quam nisi consequuntur sed.',216,'2019-09-05 20:25:15','2019-08-28 14:46:47'),(236,95,'Corrupti voluptas qui reiciendis omnis eos voluptas veritatis. Eaque corporis autem id officia ab repudiandae asperiores. Aut sequi et eum sit.',291,'2015-01-02 05:11:23','2019-07-16 09:54:57'),(237,150,'Id quos rerum cupiditate. Voluptatem tempora aperiam libero ea aliquid corporis aperiam molestiae. Sint et vel error sit.',80,'2017-07-29 09:40:26','2019-12-28 10:41:37'),(238,24,'Necessitatibus esse officiis quis ut aut repellat. Eligendi quis quasi voluptates alias et sed id et. Molestiae officiis quisquam sunt et ea commodi. Dicta optio numquam illo cumque.',219,'2020-04-12 09:39:17','2019-10-21 10:03:37'),(239,37,'Vel dolorum ipsa aut beatae non debitis atque earum. Incidunt labore voluptatem officia natus. Non eius quis occaecati earum. Ducimus et quod iure ut et.',138,'2016-09-20 01:34:09','2019-08-02 06:02:23'),(240,20,'Voluptas facere vel adipisci qui adipisci dignissimos commodi. Rerum deleniti omnis et nobis. Possimus id est ut ut et. Est voluptatibus mollitia a ipsa ex.',21,'2012-03-23 05:25:53','2019-08-13 10:12:55'),(241,129,'Et eum ab quaerat illo laboriosam. Ea saepe et natus consectetur dolorum commodi. Deleniti praesentium ea nihil eveniet aut ut. Facilis commodi veritatis consequatur culpa occaecati.',228,'2017-02-21 12:59:41','2019-06-19 08:28:11'),(242,21,'Odio beatae id voluptatibus fugiat occaecati cum dolores vel. Fuga laborum sit dolores sit. Odit repudiandae aliquam alias maiores ut. Laudantium placeat perferendis cum laboriosam beatae.',216,'2012-03-06 17:25:48','2019-06-29 12:24:36'),(243,75,'Illo nobis sed eveniet ut in qui cum aut. Ullam laboriosam perferendis ut laudantium distinctio in.',72,'2012-09-25 03:53:59','2019-09-24 16:41:58'),(244,55,'Distinctio ducimus aut est vitae nostrum sed et. Minus facilis est qui dolorem ea ut rerum. Ex dolorem rerum dolores eos ut odit.',82,'2012-04-28 11:13:07','2020-01-31 02:57:39'),(245,44,'Saepe aut vel mollitia veritatis aut. Quia et a velit velit rerum esse dolores. Beatae amet iste laudantium quasi voluptas quis. Porro sunt eos rerum omnis non qui. Praesentium amet labore ullam.',267,'2016-03-13 17:43:41','2020-04-29 19:02:34'),(246,14,'Iste sunt id totam maiores. Sunt vero ut fuga recusandae nisi quo voluptatem. Delectus velit dignissimos sint ullam ut.',103,'2012-11-15 18:59:39','2019-08-03 18:03:56'),(247,53,'Qui quaerat exercitationem dolores facere repellat vero. Animi iusto soluta ipsam soluta id sint. Autem quibusdam deserunt aut in repellat minima reiciendis.',298,'2016-04-22 22:54:48','2020-03-31 09:05:15'),(248,65,'Et eius nobis optio quia. Officiis magni officia dolorem veritatis corporis voluptatem. Est autem commodi est suscipit sint.',9,'2017-10-05 09:31:37','2020-01-09 13:32:50'),(249,45,'Corrupti non ea earum placeat iusto ex qui. Vitae non ex et sit. Possimus suscipit officia aliquid quidem. Numquam voluptatibus architecto dolores neque. Dolor sunt aut velit accusantium.',121,'2017-09-15 01:02:54','2019-12-23 13:39:00'),(250,63,'Laboriosam voluptatem qui qui voluptas temporibus soluta commodi. Et eos est amet reiciendis. Omnis expedita similique accusamus. Tempora qui ut rem eligendi perferendis error.',278,'2019-02-24 23:20:08','2019-11-26 21:51:36'),(251,37,'Enim laboriosam consequuntur ea deleniti ut dignissimos perspiciatis. Ipsam ratione voluptatibus non beatae nemo.',246,'2011-02-18 20:23:34','2019-12-07 15:52:04'),(252,115,'Sint est accusamus et veniam eaque eveniet. Aut cupiditate qui amet. Et quis aut corrupti a corrupti.',84,'2017-05-01 09:10:58','2019-12-03 22:56:11'),(253,106,'Enim et mollitia et reiciendis dolorem ut. Deleniti quam nostrum nobis. Quasi tenetur neque omnis error.',176,'2012-07-19 18:27:54','2019-12-23 01:59:05'),(254,88,'Pariatur placeat facilis doloremque aut est. Et sint ex et est. Et assumenda velit earum velit nesciunt qui omnis. At expedita libero sed nobis optio.',17,'2014-04-13 12:01:06','2020-03-03 22:44:27'),(255,17,'Dicta hic atque pariatur unde qui. Et nostrum sunt illum. Rerum aut eum dignissimos saepe. Rerum sequi quibusdam fugit sit. Ab assumenda sequi voluptatem omnis nam.',257,'2011-05-08 23:01:02','2019-07-22 10:50:40'),(256,35,'Nihil consectetur ut voluptatem quaerat saepe ut modi. Temporibus recusandae iste et eligendi aut nobis. Nostrum ipsa doloremque incidunt mollitia nobis.',274,'2014-11-08 23:54:31','2019-07-01 19:40:25'),(257,99,'Nesciunt ullam enim quod dignissimos et voluptates rerum. Repellat nisi quia pariatur fuga adipisci eos dolorem. Suscipit vero tenetur veniam ipsa qui expedita praesentium.',101,'2016-12-28 08:27:09','2019-09-01 13:38:34'),(258,131,'Libero ut doloribus veritatis et sit animi. Consequatur vitae molestias dolorem ab. Ea quas ea cupiditate rerum.',226,'2019-12-07 09:43:25','2019-07-24 09:09:25'),(259,120,'Libero eum perspiciatis delectus et soluta. Provident molestiae dolorem et illum. Velit eum error quibusdam accusamus iusto molestias. Quos similique fugiat soluta velit debitis.',73,'2018-10-31 22:27:51','2019-11-04 06:35:12'),(260,28,'Illo nesciunt odit id quas quo magni. Eius dolorem ad dicta rerum rerum amet eius suscipit.',25,'2015-08-18 11:37:10','2019-07-15 02:34:55'),(261,41,'Rem explicabo non temporibus ratione unde sunt incidunt. Molestiae iure sit quam reprehenderit. Incidunt est assumenda sed.',43,'2016-07-08 07:24:57','2020-01-14 06:40:53'),(262,31,'Amet voluptas blanditiis molestiae molestiae. Repellendus qui accusantium hic incidunt. Autem ea et aut qui nostrum.',125,'2013-06-18 13:11:44','2020-05-21 23:58:01'),(263,77,'Id et aut aspernatur dolor praesentium. Cum facere sint sequi cum tenetur.',59,'2016-04-19 13:22:31','2020-03-04 18:38:19'),(264,74,'Excepturi possimus pariatur itaque occaecati. Optio sed mollitia et cum repellendus. Assumenda est facere consequatur et iure alias. Dolores reprehenderit consequatur deleniti tempore.',124,'2016-01-02 14:05:22','2020-05-24 07:01:35'),(265,140,'Sint officiis eveniet amet mollitia autem consequuntur. Beatae eum voluptate sunt voluptas magni ut. Voluptatem nemo nihil voluptatem velit dolorem quidem.',53,'2020-06-06 00:57:55','2019-09-16 08:47:07'),(266,147,'Saepe quos omnis perferendis ut debitis omnis. Ut eligendi non iste. Inventore dignissimos culpa alias sint.',255,'2018-08-14 11:54:14','2020-02-27 10:15:33'),(267,122,'Ex similique enim rerum et. Facere accusamus dolores repudiandae voluptatum fugiat ipsam consectetur. Voluptatibus saepe est eos sapiente ut.',72,'2015-04-04 17:39:07','2019-11-28 00:15:42'),(268,49,'Delectus recusandae fuga iusto odio est. Et inventore enim ducimus aperiam dolores atque. Sed repellat alias earum sint rerum fugiat molestias.',215,'2011-03-27 11:48:07','2019-07-27 03:36:31'),(269,128,'Ipsa nemo maxime cum hic. Tempora eum quia quis cum ut ut eos repudiandae. Non tempore dolorem aut nulla.',256,'2010-09-06 07:54:55','2020-01-25 22:28:40'),(270,77,'Dolore dignissimos facere praesentium. Non iure nulla et magnam. Perferendis tempora praesentium veniam eligendi. Tenetur esse quod libero soluta ut minima et.',4,'2010-07-23 13:29:11','2019-12-19 19:52:57'),(271,66,'Nostrum iure inventore temporibus aperiam rem. Officia itaque deleniti eum suscipit error ut. Quaerat dolorem aut perferendis repellendus placeat. Enim iure aut ad dolores non.',208,'2017-01-25 15:05:02','2019-07-21 15:44:54'),(272,51,'Accusamus temporibus iste est est. Dolores ratione animi sit ipsum. Quia dolorum ea assumenda officiis distinctio aut.',170,'2018-03-06 12:38:09','2019-06-13 21:12:47'),(273,122,'Qui reiciendis dolorum aut officia tempora. Consequuntur animi rerum voluptatem quam. Consequatur dicta qui repudiandae natus eligendi a deserunt repudiandae. Quis at molestiae odit tenetur cum hic.',283,'2014-03-13 20:47:02','2019-10-22 09:38:59'),(274,132,'Nulla quia totam in velit pariatur. Cum quidem libero vel doloremque. Omnis similique accusamus quia.',277,'2015-12-08 06:09:28','2019-11-20 21:05:27'),(275,110,'Autem deserunt ut temporibus error ipsa. Facilis corrupti repellat maxime aut ducimus. Esse reiciendis eos quia. Odit mollitia nemo quidem sit consequuntur.',228,'2019-08-02 10:08:50','2019-07-28 07:41:49'),(276,29,'Consequuntur distinctio non blanditiis provident aut possimus. Aut facere ipsum laudantium voluptatibus quia adipisci est.',128,'2020-04-17 23:05:10','2019-07-23 18:28:15'),(277,40,'Illum provident a modi qui eveniet sit. Ipsum et iure dolorem qui est placeat illo. Est unde voluptas cum repudiandae.',75,'2018-12-18 08:29:27','2019-06-17 14:06:37'),(278,4,'Aspernatur et velit vel. Ex provident impedit non fuga rerum. Maiores aut maxime eius tempora dolor id maxime. Et et eos magnam dolore est dicta.',232,'2014-12-07 08:30:42','2020-04-07 04:36:45'),(279,4,'Dolor inventore et tenetur optio at voluptates fugit. Aut qui dolores alias ut vero. Repellat et cum voluptatem deleniti voluptas. Adipisci quidem velit reiciendis atque voluptas eveniet.',245,'2015-08-01 10:01:57','2020-01-06 07:56:50'),(280,83,'Voluptatem quibusdam unde quibusdam aut optio. Autem quia ratione corporis laborum. Ducimus quae dolorem corporis quia aut dolorum dolorem.',260,'2017-08-01 00:03:07','2020-02-05 03:36:15'),(281,64,'Exercitationem suscipit dolores ut fugiat nemo velit. Odio consequatur id aliquam voluptas eum suscipit. Est sit est libero beatae quis fugit at.',244,'2016-10-28 07:09:30','2020-03-02 17:29:01'),(282,100,'Inventore illum aliquid quo. Nihil ut dolor dolorem. Quia recusandae cumque voluptatum aut enim natus. Doloremque modi quas molestiae dolorum magni.',92,'2011-05-08 01:58:59','2020-04-18 09:34:18'),(283,65,'Cupiditate iure blanditiis dolore eum deserunt et et sunt. Quia ipsum magni ut nihil ea itaque fuga nemo. Ipsam aut nisi in nemo. Iure harum accusamus laborum vel maxime provident ad placeat.',49,'2014-03-12 11:12:24','2019-08-14 04:30:25'),(284,92,'Nam id inventore doloremque ea debitis sunt aut vel. Eaque aut autem dolores impedit cum rerum. Blanditiis voluptatem molestiae dicta.',222,'2014-02-15 15:34:38','2019-09-11 11:39:09'),(285,34,'Magni ipsa magnam et consequatur repudiandae vel qui. Occaecati aut qui quos aut. Ullam natus laboriosam cumque architecto. Eligendi doloremque pariatur rerum aliquam qui autem ipsum recusandae.',125,'2014-02-25 09:32:17','2019-07-24 23:51:08'),(286,38,'Doloribus impedit quasi quia sit quam. Ad sed debitis quaerat enim soluta veniam. Dicta nulla quo quidem deserunt ea.',197,'2017-01-08 01:58:21','2019-12-11 11:43:22'),(287,71,'Culpa ea labore et eum hic occaecati. Laborum laborum quae iusto ab labore facere. Ut delectus qui officiis explicabo consequatur.',172,'2012-01-12 08:59:28','2020-03-29 18:12:21'),(288,1,'Vel est aut sunt. Aut ut nostrum saepe eum qui vel voluptatibus. Adipisci et molestias quia enim sit quis.',143,'2018-12-18 11:36:23','2019-08-04 07:37:07'),(289,110,'Quibusdam impedit consequuntur doloremque et eligendi. Aliquam ullam et eos totam ex in qui enim. Praesentium enim aliquam qui et qui fuga.',175,'2015-01-29 14:06:46','2020-01-28 18:07:35'),(290,130,'Enim enim et et. Perspiciatis veritatis repellat ab harum. Quaerat eum magnam sapiente officia ea laboriosam.\nUt et quod maxime quis. Beatae inventore quia nesciunt non.',275,'2010-11-27 22:33:13','2019-12-26 19:13:03'),(291,61,'Officia velit dicta iste in. At voluptatem nihil non et. Atque fugit eaque veniam incidunt nihil sapiente.',130,'2011-04-19 19:20:26','2020-02-19 09:41:30'),(292,92,'Alias quibusdam distinctio ducimus ut. Laboriosam quia tempore porro iste quo. Magnam sint explicabo incidunt et fuga. Nostrum quia amet sit dolor occaecati.',59,'2014-03-06 22:03:16','2020-02-06 18:11:25'),(293,46,'Sequi sed omnis numquam quos ducimus. Expedita delectus doloribus ut. Quos assumenda et optio.',206,'2011-04-26 17:15:24','2020-03-07 07:44:43'),(294,6,'Qui totam consequatur asperiores molestiae. Perferendis voluptas eum exercitationem aliquam debitis. Et ipsa qui ut atque in officia sunt deserunt.',198,'2014-12-21 21:57:46','2019-11-06 04:29:48'),(295,82,'In alias magni in ab voluptates. Sint magnam voluptas commodi et eum et atque. Tempore molestias vel saepe et. Et ab et sed reiciendis. Placeat laborum qui ab.',172,'2016-05-04 18:44:17','2020-05-27 01:44:58'),(296,34,'Vel rerum dolores rem voluptatem. Modi dicta amet nihil id sit. Sapiente est alias porro sunt et. Et debitis explicabo quaerat rerum.',202,'2015-10-31 19:12:14','2020-05-25 14:46:41'),(297,71,'Qui quaerat cum minus. Delectus veniam consequatur nihil sunt et. Doloremque aliquid rem adipisci. Rerum sed et enim iusto facilis.',299,'2012-11-18 08:35:06','2019-09-26 16:20:50'),(298,8,'Iste nulla officiis laudantium et optio provident officia. Sed porro harum hic consequatur. Iste aut atque quasi dolorem laudantium.',179,'2010-09-29 22:37:32','2019-09-07 03:49:21'),(299,74,'Non fugiat est laboriosam. Et incidunt laudantium sit molestiae. Optio hic et sed. Libero natus nostrum reiciendis impedit et.',51,'2019-02-15 17:40:18','2019-07-16 03:14:15'),(300,118,'Quia repellat dolores est. Magni quae deserunt omnis magnam ducimus et. Non aut animi ut sunt.\nBlanditiis ducimus accusamus esse eos. Reiciendis qui rerum quibusdam recusandae ea.',160,'2014-12-06 11:23:46','2019-09-20 04:17:34');
/*!40000 ALTER TABLE `posts` ENABLE KEYS */;
UNLOCK TABLES;

--
-- Table structure for table `profiles`
--

DROP TABLE IF EXISTS `profiles`;
/*!40101 SET @saved_cs_client     = @@character_set_client */;
/*!50503 SET character_set_client = utf8mb4 */;
CREATE TABLE `profiles` (
  `user_id` int unsigned NOT NULL,
  `gender` char(1) CHARACTER SET utf8 COLLATE utf8_unicode_ci DEFAULT NULL,
  `birthday` date DEFAULT NULL,
  `city` varchar(100) CHARACTER SET utf8 COLLATE utf8_unicode_ci DEFAULT NULL,
  `country` varchar(100) CHARACTER SET utf8 COLLATE utf8_unicode_ci DEFAULT NULL,
  `photo_id` int unsigned DEFAULT NULL,
  `created_at` datetime DEFAULT CURRENT_TIMESTAMP,
  `updated_at` datetime DEFAULT CURRENT_TIMESTAMP ON UPDATE CURRENT_TIMESTAMP,
  PRIMARY KEY (`user_id`),
  KEY `profiles_photo_id_fk` (`photo_id`),
  CONSTRAINT `profiles_photo_id_fk` FOREIGN KEY (`photo_id`) REFERENCES `media` (`id`),
  CONSTRAINT `profiles_user_id_fk` FOREIGN KEY (`user_id`) REFERENCES `users` (`id`)
) ENGINE=InnoDB DEFAULT CHARSET=utf8 COLLATE=utf8_unicode_ci;
/*!40101 SET character_set_client = @saved_cs_client */;

--
-- Dumping data for table `profiles`
--

LOCK TABLES `profiles` WRITE;
/*!40000 ALTER TABLE `profiles` DISABLE KEYS */;
INSERT INTO `profiles` VALUES (1,'f','1987-11-19','Boydtown','Bermuda',40,'2010-12-17 20:48:01','2020-04-01 09:16:23'),(2,'m','1981-05-19','Lake Frieda','Solomon Islands',39,'2012-03-10 01:59:35','2020-05-21 10:04:37'),(3,'m','2010-09-28','Hartmannberg','Malta',55,'2013-07-19 03:49:07','2020-05-22 03:29:53'),(4,'m','2003-10-10','Brownmouth','Eritrea',17,'2012-11-30 04:59:14','2020-05-10 13:35:58'),(5,'f','1997-07-12','O\'Haramouth','Tunisia',24,'2016-09-11 07:17:20','2019-07-29 21:23:17'),(6,'f','2011-09-23','West Bernardmouth','Sierra Leone',83,'2017-09-16 05:24:54','2020-01-15 16:43:48'),(7,'m','1979-08-15','Port Clemmieborough','Guinea-Bissau',47,'2010-12-08 06:55:44','2020-01-05 16:20:06'),(8,'f','2011-03-11','West Sabrina','Uruguay',6,'2011-03-08 20:32:17','2020-01-12 20:33:47'),(9,'m','2018-01-27','Lake Melany','Brunei Darussalam',41,'2016-05-05 00:46:26','2019-06-26 04:15:56'),(10,'m','1981-01-27','Ratkeville','Samoa',74,'2016-04-03 12:10:27','2019-09-21 15:31:34'),(11,'m','1986-12-15','Skilestown','Latvia',14,'2012-07-18 03:18:48','2019-12-22 01:30:31'),(12,'m','1979-07-01','East Mitchellberg','United States Minor Outlying Islands',56,'2011-06-24 21:51:18','2020-06-03 04:49:59'),(13,'m','1991-05-09','Goldaview','Bahamas',33,'2013-10-01 14:15:58','2020-02-16 09:10:17'),(14,'f','2001-05-02','South Eraside','New Zealand',95,'2019-07-05 05:58:47','2019-12-05 15:05:17'),(15,'f','1987-09-15','East Nikki','Zambia',52,'2014-12-25 16:06:24','2019-12-08 13:21:27'),(16,'m','1990-01-22','North Groverland','Zimbabwe',1,'2016-12-09 02:59:02','2019-09-19 21:00:28'),(17,'m','1998-10-02','Minniemouth','Antarctica (the territory South of 60 deg S)',85,'2020-05-23 15:36:25','2019-12-21 12:15:49'),(18,'f','2010-10-15','Thaddeusfurt','Tunisia',44,'2015-03-16 04:40:21','2019-11-04 20:01:24'),(19,'m','2015-07-28','Kunzehaven','Cambodia',20,'2011-09-16 09:06:17','2020-05-22 07:03:49'),(20,'f','1973-07-08','West Carmelochester','Holy See (Vatican City State)',74,'2014-10-09 12:38:36','2020-03-31 22:51:17'),(21,'m','1994-02-16','West Kyleemouth','Bulgaria',7,'2019-02-10 08:55:58','2020-04-27 00:54:42'),(22,'f','1996-12-21','Lake Terranceburgh','Micronesia',70,'2015-07-17 07:13:42','2019-12-30 05:34:00'),(23,'m','2003-05-22','Port Heaven','Lao People\'s Democratic Republic',76,'2015-08-04 16:29:19','2019-07-08 11:11:02'),(24,'m','2003-02-07','Lake Marilou','Benin',78,'2016-05-28 17:54:06','2019-07-28 09:26:01'),(25,'m','1975-07-05','East Jaquan','United Arab Emirates',59,'2015-08-27 09:32:31','2020-01-24 01:09:38'),(26,'m','2014-11-04','Schuppemouth','Bangladesh',80,'2011-02-11 14:57:45','2019-11-18 21:49:54'),(27,'f','2017-10-17','McGlynnland','Albania',68,'2010-06-30 15:58:55','2019-08-12 12:33:00'),(28,'m','1995-03-09','Emmetland','Burundi',80,'2019-10-10 06:29:28','2020-03-20 00:08:43'),(29,'f','2005-01-18','South Esmeraldahaven','United Arab Emirates',63,'2016-12-29 18:45:12','2020-03-13 19:03:44'),(30,'m','1988-04-08','Muellerhaven','Palau',96,'2018-05-03 20:03:44','2019-11-17 11:54:54'),(31,'m','1978-10-27','North Christy','Bhutan',44,'2019-10-11 02:42:05','2019-12-12 19:38:33'),(32,'m','1996-10-20','East Joanny','Saint Helena',72,'2019-06-12 00:09:26','2020-02-23 17:17:31'),(33,'f','1979-01-18','Phyllismouth','Macao',33,'2016-09-24 10:35:50','2019-12-20 18:57:51'),(34,'f','1976-10-09','Port Angus','Iceland',25,'2018-11-22 07:58:05','2019-10-28 16:57:11'),(35,'m','1997-10-31','Friedrichstad','Swaziland',49,'2014-10-26 13:50:57','2020-02-13 14:19:49'),(36,'f','1995-02-26','Teresamouth','Botswana',84,'2011-04-03 03:19:02','2020-04-29 21:30:03'),(37,'f','1970-11-30','Bernhardburgh','Antarctica (the territory South of 60 deg S)',57,'2012-11-10 08:08:31','2020-02-28 22:04:14'),(38,'m','1972-03-14','New Columbus','Sweden',35,'2018-10-11 11:53:02','2019-11-22 07:51:22'),(39,'m','1985-04-02','Mattiemouth','Jamaica',39,'2010-06-13 06:48:22','2019-08-17 06:11:48'),(40,'m','1996-03-30','Leschfort','Suriname',27,'2011-02-05 09:46:05','2020-01-20 09:14:42'),(41,'m','2003-07-10','South Elseville','Hungary',10,'2015-11-22 05:29:32','2019-07-12 20:17:40'),(42,'f','2014-05-07','Taliamouth','Sierra Leone',15,'2010-06-12 19:56:40','2019-12-05 05:22:17'),(43,'f','2012-05-20','Lowestad','Ghana',6,'2018-12-16 00:51:41','2020-04-20 21:39:57'),(44,'f','1998-02-25','West Tressiehaven','Mauritius',36,'2014-11-12 09:29:52','2019-11-11 22:41:20'),(45,'f','2006-02-22','Adrienneborough','Greece',32,'2011-09-23 22:15:16','2019-12-21 08:36:30'),(46,'m','1989-05-02','Lake Yvettefort','Turks and Caicos Islands',37,'2016-07-26 15:16:29','2020-03-26 06:45:15'),(47,'f','2003-10-09','Huelberg','Mozambique',3,'2017-10-19 05:59:52','2019-09-22 15:37:04'),(48,'m','2005-07-03','South Maeton','Greece',75,'2016-12-21 22:29:47','2019-07-29 00:56:30'),(49,'m','2003-06-29','Priceburgh','Jersey',23,'2014-08-19 17:53:43','2019-07-09 01:37:04'),(50,'f','1986-03-24','New Brionnafurt','Kenya',43,'2019-06-18 22:56:22','2019-12-04 21:49:48'),(51,'f','2004-04-08','Austenchester','Lithuania',7,'2017-04-04 19:45:10','2019-11-23 20:30:05'),(52,'m','2001-01-25','Dachside','Turks and Caicos Islands',50,'2019-07-21 02:36:16','2020-02-07 10:42:09'),(53,'f','1988-08-18','Morissetteborough','Turkey',26,'2014-07-19 01:09:24','2020-05-17 18:28:24'),(54,'m','2015-06-10','Port Delta','Hong Kong',12,'2019-04-05 22:41:18','2020-01-25 06:36:19'),(55,'f','2010-03-26','Ervinfurt','Japan',85,'2019-02-11 02:23:02','2019-08-06 15:29:59'),(56,'f','2000-03-20','Lake Carolanne','Togo',4,'2016-01-14 02:28:32','2019-11-26 21:17:19'),(57,'m','1978-02-09','North Ansleyberg','British Virgin Islands',23,'2013-06-12 07:36:37','2020-01-18 09:24:13'),(58,'m','1997-06-10','Samirton','Madagascar',30,'2014-11-12 01:50:18','2019-12-11 19:53:16'),(59,'m','1972-03-19','Uriahville','Slovakia (Slovak Republic)',76,'2016-06-14 16:39:08','2019-12-05 15:52:24'),(60,'m','2000-11-06','New Edgardobury','Holy See (Vatican City State)',91,'2011-01-19 01:36:50','2020-02-17 04:02:14'),(61,'m','1975-09-20','Zolatown','French Southern Territories',90,'2011-02-03 18:13:08','2019-07-28 16:47:19'),(62,'f','2001-07-22','Ethylville','Fiji',90,'2016-12-23 21:00:20','2020-05-05 18:30:50'),(63,'m','2020-02-07','Eliezerview','Mongolia',9,'2012-01-20 12:31:49','2019-10-17 19:08:17'),(64,'f','2016-07-10','Robertsview','Syrian Arab Republic',51,'2016-09-22 01:54:53','2020-05-15 06:45:47'),(65,'m','1993-05-24','Port Newton','Vietnam',53,'2011-05-08 07:01:57','2020-03-03 21:05:38'),(66,'f','1978-01-10','Lake Jazmyn','Greece',31,'2015-08-01 09:11:44','2020-01-15 20:46:32'),(67,'f','1973-02-20','East Derekmouth','Jersey',57,'2018-09-08 18:36:52','2020-04-12 23:36:29'),(68,'f','2013-02-17','South Andre','India',32,'2015-03-25 01:28:22','2019-08-28 07:02:52'),(69,'f','1980-08-02','Muellertown','Morocco',74,'2014-02-28 04:12:14','2020-06-07 17:16:57'),(70,'f','1992-06-21','West Matteotown','Colombia',6,'2011-07-02 17:17:34','2020-02-02 06:11:01'),(71,'f','1970-02-05','Naomihaven','Bosnia and Herzegovina',30,'2017-09-29 14:54:46','2019-09-08 19:12:34'),(72,'f','1972-04-24','Schoenmouth','Maldives',54,'2014-03-21 16:01:01','2020-04-22 05:11:00'),(73,'f','1985-08-09','East Sheldonfort','Benin',64,'2013-06-29 21:16:59','2019-09-26 07:08:51'),(74,'m','2008-01-08','Port Garnetchester','Monaco',38,'2018-09-06 14:48:31','2019-10-30 21:25:10'),(75,'f','1972-06-14','Joshbury','British Virgin Islands',52,'2011-06-02 16:40:28','2019-12-11 14:13:27'),(76,'f','1991-12-06','New Gavinborough','Monaco',15,'2012-01-24 22:53:26','2020-01-09 07:25:37'),(77,'f','1970-10-25','South Priceville','Vanuatu',100,'2019-01-06 14:00:33','2019-07-19 10:38:07'),(78,'f','1995-03-18','Lake Rachaelchester','Afghanistan',39,'2016-02-07 16:27:21','2020-01-22 09:38:44'),(79,'m','1980-05-05','Considineland','New Zealand',79,'2016-01-29 13:02:15','2019-07-14 04:44:11'),(80,'f','2014-03-31','Ettieborough','Reunion',21,'2014-04-20 13:59:38','2020-03-20 08:21:31'),(81,'m','1990-04-15','Port Alvis','Bermuda',84,'2016-07-08 21:38:40','2019-10-28 09:16:22'),(82,'m','2017-10-14','Hellermouth','Croatia',33,'2015-02-17 01:45:30','2020-01-04 14:05:32'),(83,'f','1986-11-27','Pfefferhaven','Thailand',57,'2018-07-06 14:18:54','2020-02-11 03:02:20'),(84,'f','1987-12-17','Port Orlandhaven','Burkina Faso',68,'2016-06-08 17:48:38','2019-11-01 00:01:40'),(85,'m','2004-06-17','Bogisichborough','Cocos (Keeling) Islands',84,'2014-08-02 09:12:44','2019-08-15 02:02:38'),(86,'f','1997-11-03','Stuartborough','Andorra',22,'2012-04-27 19:00:52','2020-04-02 14:39:45'),(87,'f','1978-07-04','North Jensen','India',33,'2015-03-29 22:31:09','2020-01-06 15:20:13'),(88,'m','1971-10-12','South Idell','Algeria',43,'2010-09-18 03:59:09','2019-08-08 16:15:00'),(89,'f','1976-09-28','Lake Cathryn','Liechtenstein',40,'2018-05-05 10:13:07','2020-05-06 12:24:41'),(90,'m','2003-03-04','Clemmiebury','Nepal',52,'2018-09-28 19:30:41','2019-08-17 06:56:34'),(91,'m','2006-10-13','Lindtown','Zimbabwe',35,'2012-07-13 18:27:37','2020-02-24 00:30:09'),(92,'m','1979-12-29','New Andersonport','Finland',47,'2015-08-10 06:08:17','2019-06-11 07:25:59'),(93,'m','1977-09-22','New Sonia','French Polynesia',35,'2015-04-11 22:01:25','2019-07-31 16:45:48'),(94,'m','1983-01-10','Port Milo','Georgia',33,'2012-09-21 22:45:41','2019-12-12 20:07:13'),(95,'f','1992-10-03','East Maya','Belize',61,'2019-10-01 06:16:26','2019-07-11 09:55:00'),(96,'f','2005-12-28','South Bentonland','Liechtenstein',87,'2019-01-03 00:08:12','2019-08-06 20:40:09'),(97,'m','2005-03-20','North Jada','Kuwait',47,'2015-09-01 12:48:09','2020-05-03 05:55:50'),(98,'f','2010-10-25','New Briana','Tuvalu',18,'2010-07-29 16:54:55','2020-01-15 13:02:33'),(99,'m','2008-10-08','Rodriguezfurt','United States Virgin Islands',46,'2019-03-21 08:55:06','2019-08-14 23:57:54'),(100,'m','1998-02-06','Pourosport','French Guiana',50,'2011-05-13 13:24:20','2019-09-15 20:49:06'),(101,'f','1989-03-03','Turnerchester','Iraq',98,'2014-11-21 21:19:52','2020-02-15 10:22:34'),(102,'f','1996-11-19','Port Brendastad','Rwanda',50,'2015-08-01 19:06:24','2019-11-20 03:06:51'),(103,'m','2010-12-14','North Karenstad','Japan',3,'2011-07-15 03:04:55','2019-07-23 17:22:42'),(104,'f','1984-01-13','Okunevahaven','Mauritania',15,'2014-06-18 11:10:45','2019-11-15 03:29:18'),(105,'m','1982-10-06','Leilahaven','Pakistan',20,'2018-05-06 14:53:10','2020-02-23 07:56:50'),(106,'f','2013-09-18','New Aric','Marshall Islands',87,'2017-07-30 15:12:13','2020-05-05 17:34:34'),(107,'m','1992-03-28','Omarifurt','Azerbaijan',17,'2012-01-20 05:34:31','2020-05-05 10:53:19'),(108,'f','1991-05-14','Lake Cortneyfurt','Kyrgyz Republic',93,'2017-12-21 13:46:08','2019-09-01 11:55:08'),(109,'m','1973-08-11','East Daniellafort','Afghanistan',56,'2011-04-09 15:03:46','2020-03-20 22:01:54'),(110,'m','2011-07-15','Lehnerville','Spain',7,'2020-06-01 23:58:19','2019-08-10 16:34:12'),(111,'m','1982-10-14','East Jermain','Guinea-Bissau',98,'2020-02-16 06:07:07','2020-03-07 15:11:45'),(112,'m','1998-03-30','New Tatum','Cocos (Keeling) Islands',97,'2012-02-28 01:56:25','2020-03-05 05:10:54'),(113,'f','2000-05-26','North Cathrinefort','Heard Island and McDonald Islands',100,'2012-07-08 14:34:39','2019-08-28 09:29:05'),(114,'f','2005-02-18','Lake Antonietta','Hungary',41,'2018-12-25 02:03:52','2020-05-15 02:49:32'),(115,'f','2001-03-05','West Alaina','Montenegro',24,'2018-10-20 23:43:30','2020-05-08 18:59:05'),(116,'f','2011-10-29','West Christine','South Georgia and the South Sandwich Islands',95,'2012-06-13 17:28:10','2019-07-03 22:37:01'),(117,'m','2004-09-07','East Zechariah','Cape Verde',43,'2011-05-12 17:37:51','2019-10-16 18:16:26'),(118,'f','2007-03-10','New Nick','Jamaica',59,'2017-06-19 21:36:44','2019-09-28 04:37:59'),(119,'m','1985-02-14','Patfort','Western Sahara',14,'2015-11-27 04:30:17','2019-09-01 15:59:45'),(120,'f','2012-07-29','Larkinchester','Jordan',9,'2018-08-06 19:31:43','2019-11-23 12:32:42'),(121,'f','2013-06-28','West Kimberlytown','Mauritius',92,'2010-06-14 03:39:02','2019-06-26 23:24:45'),(122,'m','1987-10-03','Labadieberg','Serbia',70,'2012-09-30 22:05:59','2019-08-07 06:04:40'),(123,'m','1972-03-03','Hauckview','Qatar',64,'2012-08-17 15:07:14','2020-05-14 21:32:43'),(124,'m','1990-04-11','Rolfsonborough','Botswana',78,'2012-04-13 00:33:11','2020-03-04 16:48:32'),(125,'f','1996-12-01','South Josefinaville','Greece',68,'2013-06-13 12:04:32','2020-03-06 10:23:03'),(126,'m','1973-03-01','South Ronnymouth','Norfolk Island',62,'2012-09-06 05:09:09','2019-11-22 12:08:32'),(127,'m','2000-10-06','Aleenberg','Sri Lanka',61,'2014-01-29 11:43:01','2020-01-07 21:21:08'),(128,'f','2019-08-29','North Rebecca','Turkmenistan',78,'2019-10-26 00:10:12','2020-01-08 13:06:55'),(129,'f','2007-10-16','South Francesca','Antigua and Barbuda',39,'2014-08-08 00:25:26','2019-08-04 11:14:37'),(130,'f','2004-05-06','Lake Geohaven','United States Virgin Islands',74,'2019-03-20 12:30:42','2019-10-27 22:52:10'),(131,'m','1980-04-04','Bartellshire','Rwanda',88,'2014-11-23 20:24:50','2019-09-10 23:39:59'),(132,'m','2004-04-19','Russside','Timor-Leste',54,'2010-10-10 17:32:00','2019-12-28 00:02:36'),(133,'f','2007-07-18','Mauricefort','Christmas Island',22,'2012-10-29 17:53:45','2019-08-31 18:35:27'),(134,'f','2001-03-20','Dallasstad','Guinea',22,'2010-11-01 13:28:48','2019-08-25 23:21:11'),(135,'f','1994-05-08','New Agustinton','Korea',15,'2013-01-02 05:03:19','2020-01-12 16:49:05'),(136,'m','1974-05-08','Beierbury','Kazakhstan',5,'2015-10-08 03:51:19','2020-03-15 16:17:41'),(137,'m','1993-03-30','Lake Camrenburgh','Vietnam',73,'2012-01-08 16:11:48','2020-01-28 06:02:01'),(138,'m','1988-05-13','Lake Leslieborough','Macao',99,'2012-08-28 09:39:18','2020-06-03 23:06:17'),(139,'m','1981-09-28','Hillltown','Bosnia and Herzegovina',68,'2011-08-30 00:04:33','2019-11-24 14:54:25'),(140,'f','1986-04-17','Breitenberghaven','Christmas Island',91,'2016-08-18 22:46:57','2019-08-16 06:41:35'),(141,'f','1970-01-23','Lake Jeraldtown','Thailand',51,'2018-12-31 11:16:21','2019-10-23 04:57:31'),(142,'f','1991-03-19','Lorenafurt','Congo',66,'2011-03-11 19:28:47','2019-11-16 22:50:23'),(143,'f','1971-11-07','East Deltashire','Albania',44,'2018-04-07 09:12:23','2019-06-30 21:45:50'),(144,'f','1999-09-20','Huelsland','Liechtenstein',90,'2013-05-24 03:45:25','2019-12-26 04:21:25'),(145,'m','1976-06-11','Shermanfurt','Lesotho',7,'2020-02-04 12:33:26','2020-01-10 04:11:42'),(146,'f','1982-01-17','Toyburgh','Guyana',33,'2011-09-30 17:01:55','2020-03-30 00:31:51'),(147,'f','1976-05-27','East Otis','Paraguay',86,'2019-06-07 15:15:22','2020-03-07 17:19:27'),(148,'f','2018-03-14','Ferryside','Reunion',39,'2018-10-13 03:26:31','2020-04-28 10:34:05'),(149,'f','2010-02-11','West Hermina','Australia',4,'2016-04-23 07:28:43','2020-05-11 14:36:12'),(150,'m','2012-03-22','North Kasandrastad','Saudi Arabia',31,'2013-01-28 14:16:18','2020-05-07 01:45:32');
/*!40000 ALTER TABLE `profiles` ENABLE KEYS */;
UNLOCK TABLES;

--
-- Table structure for table `subscription`
--

DROP TABLE IF EXISTS `subscription`;
/*!40101 SET @saved_cs_client     = @@character_set_client */;
/*!50503 SET character_set_client = utf8mb4 */;
CREATE TABLE `subscription` (
  `user_id` int unsigned NOT NULL,
  `subscriber_id` int unsigned NOT NULL,
  `status_id` int unsigned NOT NULL,
  `requested_at` datetime DEFAULT CURRENT_TIMESTAMP,
  `confirmed_at` datetime DEFAULT NULL,
  PRIMARY KEY (`user_id`,`subscriber_id`),
  KEY `subscription_subscriber_id_fk` (`subscriber_id`),
  KEY `subscription_status_id_fk` (`status_id`),
  CONSTRAINT `subscription_status_id_fk` FOREIGN KEY (`status_id`) REFERENCES `subscription_statuses` (`id`),
  CONSTRAINT `subscription_subscriber_id_fk` FOREIGN KEY (`subscriber_id`) REFERENCES `users` (`id`),
  CONSTRAINT `subscription_user_id_fk` FOREIGN KEY (`user_id`) REFERENCES `users` (`id`)
) ENGINE=InnoDB DEFAULT CHARSET=utf8 COLLATE=utf8_unicode_ci;
/*!40101 SET character_set_client = @saved_cs_client */;

--
-- Dumping data for table `subscription`
--

LOCK TABLES `subscription` WRITE;
/*!40000 ALTER TABLE `subscription` DISABLE KEYS */;
INSERT INTO `subscription` VALUES (1,80,3,'2020-01-08 09:37:14','2017-03-26 14:32:00'),(2,71,3,'2014-06-03 05:34:15','2011-06-03 07:22:34'),(3,32,2,'2016-06-24 17:00:53','2012-12-30 22:18:27'),(3,97,3,'2016-03-22 14:13:10','2013-10-14 02:05:14'),(3,138,1,'2014-06-12 06:08:25','2016-04-16 20:16:37'),(4,22,1,'2019-11-02 23:17:46','2012-03-15 20:47:26'),(5,40,3,'2016-05-20 16:20:56','2015-06-25 09:55:25'),(5,43,2,'2017-10-07 20:36:33','2013-11-18 02:16:12'),(5,64,1,'2014-06-13 00:13:43','2014-04-29 12:11:28'),(5,99,2,'2010-11-15 21:33:28','2018-07-08 22:55:32'),(6,28,1,'2014-05-12 06:11:55','2019-08-07 14:59:14'),(6,41,2,'2012-05-22 17:37:15','2010-06-27 18:03:40'),(6,46,1,'2013-08-08 15:07:40','2020-03-20 22:37:54'),(7,121,2,'2016-10-16 10:38:59','2018-08-20 04:12:52'),(8,81,1,'2014-08-06 20:01:06','2020-05-28 21:03:36'),(8,83,3,'2013-10-28 01:16:19','2019-02-10 10:03:14'),(10,25,1,'2013-11-11 01:32:43','2012-03-02 06:15:39'),(10,72,3,'2016-09-29 08:49:03','2016-10-31 04:43:07'),(11,89,3,'2012-08-31 02:16:57','2016-04-23 07:47:15'),(11,96,1,'2019-04-09 12:30:19','2019-06-10 13:33:42'),(11,150,1,'2018-12-05 15:05:12','2012-05-09 02:30:58'),(12,81,3,'2012-05-10 20:33:08','2012-09-04 01:34:45'),(12,93,2,'2013-06-28 12:33:34','2011-10-03 02:18:08'),(13,107,2,'2013-04-05 04:57:29','2018-03-03 05:21:06'),(14,60,1,'2019-06-19 03:58:00','2014-01-11 10:06:23'),(14,75,2,'2017-05-27 12:04:54','2017-09-23 14:26:50'),(14,132,1,'2019-02-04 05:32:02','2019-04-16 23:50:17'),(15,119,3,'2013-08-01 12:46:29','2017-01-19 21:05:43'),(16,96,2,'2015-11-26 03:11:29','2020-03-29 22:21:44'),(17,36,1,'2018-10-17 17:05:32','2014-12-21 15:40:37'),(17,54,1,'2016-03-13 04:39:47','2016-03-27 01:04:05'),(18,20,1,'2012-09-10 19:32:24','2017-04-06 09:51:09'),(19,133,2,'2011-03-21 21:30:38','2016-03-26 19:39:50'),(19,148,2,'2016-12-05 22:45:29','2016-02-21 13:20:48'),(20,14,2,'2019-08-22 01:09:50','2019-04-19 16:49:58'),(20,120,2,'2010-09-20 01:24:37','2018-01-05 09:21:35'),(20,147,3,'2018-06-15 07:54:24','2017-08-12 23:09:00'),(21,8,2,'2014-01-23 09:02:06','2019-10-21 08:10:14'),(21,67,3,'2012-06-09 22:13:58','2013-05-07 22:32:40'),(21,105,1,'2015-01-13 23:10:41','2015-08-23 16:41:05'),(22,22,1,'2019-09-21 20:57:57','2014-08-18 21:42:59'),(22,97,1,'2011-11-11 15:58:11','2011-01-19 09:33:56'),(23,101,1,'2010-09-12 08:23:22','2017-04-07 23:19:54'),(23,137,3,'2014-06-13 19:11:10','2015-09-28 19:20:23'),(24,89,3,'2019-11-21 02:00:33','2012-01-05 07:11:37'),(25,37,3,'2012-02-14 23:58:08','2014-07-31 12:29:54'),(26,92,1,'2011-11-03 11:37:18','2011-11-09 17:21:14'),(26,150,3,'2013-07-14 04:56:57','2010-12-17 06:17:28'),(27,62,1,'2019-01-23 23:09:38','2018-08-24 02:34:44'),(27,63,2,'2016-01-11 15:15:40','2019-01-16 09:49:50'),(30,35,1,'2013-08-13 19:32:23','2013-07-07 00:04:00'),(31,59,2,'2018-11-06 06:04:42','2017-06-15 16:47:35'),(31,88,3,'2011-10-11 12:19:38','2017-04-23 01:35:49'),(32,19,3,'2013-11-01 08:17:30','2018-05-09 17:20:56'),(32,26,2,'2012-07-26 06:39:06','2017-11-12 06:13:20'),(32,41,1,'2012-04-26 17:29:51','2017-05-22 18:42:11'),(32,93,3,'2015-07-23 02:13:13','2015-12-28 14:42:59'),(33,49,2,'2014-11-14 02:35:30','2018-12-07 12:32:34'),(34,32,3,'2016-12-22 03:22:38','2014-04-17 09:48:27'),(34,65,3,'2019-04-23 06:34:20','2019-06-28 19:07:51'),(34,96,2,'2011-06-12 07:15:58','2018-08-02 03:13:42'),(35,54,1,'2011-10-02 05:05:59','2017-05-24 04:09:22'),(36,70,2,'2015-01-17 13:48:58','2011-09-06 07:30:22'),(36,75,1,'2020-03-22 10:52:44','2012-12-07 04:33:00'),(36,78,2,'2017-03-17 10:09:17','2015-04-26 20:44:48'),(36,98,2,'2019-10-18 09:46:26','2017-01-26 18:25:23'),(36,122,2,'2015-03-26 22:19:29','2015-04-13 14:52:58'),(38,1,1,'2014-12-28 14:17:44','2016-08-18 18:44:36'),(38,48,2,'2011-03-25 04:24:12','2015-07-24 18:19:27'),(39,28,1,'2013-04-13 04:48:48','2014-01-05 08:29:40'),(39,64,3,'2013-12-06 22:27:57','2011-01-27 22:21:25'),(40,88,1,'2011-08-23 12:14:12','2015-09-21 05:30:04'),(40,148,3,'2015-07-17 13:37:50','2012-02-04 19:59:26'),(41,84,1,'2017-01-09 17:43:36','2015-06-08 10:56:12'),(41,138,3,'2013-11-25 06:58:11','2013-03-09 11:11:42'),(41,147,3,'2019-11-27 21:53:36','2017-03-05 07:28:14'),(42,63,1,'2018-11-20 12:47:58','2013-01-06 16:48:22'),(42,133,3,'2019-07-03 22:18:47','2012-04-11 22:30:43'),(42,138,1,'2018-10-17 08:24:37','2017-02-20 21:14:20'),(43,29,3,'2015-10-14 14:53:31','2012-09-27 17:40:35'),(43,107,1,'2017-07-14 07:28:48','2011-04-13 10:26:58'),(44,30,1,'2011-10-14 00:07:59','2017-10-22 03:02:16'),(44,90,3,'2015-01-12 17:50:40','2016-10-31 02:31:31'),(44,108,1,'2019-12-30 22:13:18','2016-08-13 04:56:30'),(45,113,3,'2012-11-07 00:30:18','2011-12-24 10:50:53'),(45,146,2,'2012-08-05 01:57:14','2014-07-17 15:49:07'),(46,104,3,'2012-06-12 20:56:22','2012-07-15 23:10:26'),(47,72,3,'2020-02-07 00:05:59','2017-09-23 00:33:20'),(48,137,3,'2018-09-16 02:03:02','2013-01-26 07:23:21'),(49,32,1,'2014-05-18 11:47:59','2015-02-03 16:16:15'),(50,52,2,'2016-11-01 09:10:28','2020-05-01 08:15:37'),(50,72,1,'2017-09-22 19:09:22','2017-02-18 04:02:51'),(51,3,1,'2018-12-14 11:22:30','2015-10-26 01:06:04'),(51,37,1,'2012-09-28 22:54:42','2016-11-06 02:17:40'),(51,67,1,'2017-12-01 23:09:50','2018-03-19 14:50:33'),(51,100,3,'2011-09-17 10:38:21','2011-01-13 01:32:22'),(52,69,2,'2017-01-04 16:31:19','2011-06-25 03:24:47'),(53,49,3,'2013-12-25 15:29:41','2012-04-07 12:39:56'),(53,83,2,'2019-10-29 20:28:56','2018-03-12 05:57:06'),(53,98,3,'2011-03-26 03:59:13','2018-07-15 07:45:33'),(53,102,3,'2018-02-04 15:09:28','2016-04-13 22:08:00'),(54,142,3,'2015-12-13 11:16:51','2012-04-25 03:02:32'),(55,95,3,'2014-09-18 13:48:06','2011-03-16 11:09:37'),(56,59,2,'2018-02-04 17:54:46','2014-11-23 21:03:37'),(56,73,1,'2015-02-12 04:21:39','2017-10-31 23:24:09'),(56,90,2,'2012-10-25 10:46:04','2013-10-24 15:03:09'),(57,56,2,'2016-10-20 19:49:35','2012-12-21 12:45:24'),(57,75,2,'2016-11-15 03:03:44','2018-07-10 17:52:28'),(59,40,1,'2016-05-30 04:48:21','2016-11-26 10:06:30'),(59,68,1,'2019-04-16 02:12:44','2013-11-24 08:59:43'),(60,10,3,'2013-10-29 23:29:57','2019-12-29 17:44:37'),(60,11,1,'2011-03-08 15:13:14','2014-11-27 15:32:20'),(60,18,3,'2019-12-22 05:46:59','2016-08-31 22:07:35'),(60,108,3,'2015-11-03 07:17:43','2018-02-15 05:55:31'),(61,29,1,'2012-08-28 19:40:52','2013-04-15 07:36:07'),(61,57,1,'2019-05-22 16:24:39','2019-08-21 18:06:15'),(61,60,1,'2018-02-05 03:38:58','2019-07-04 22:16:55'),(62,94,2,'2013-07-18 04:04:20','2012-07-24 09:49:34'),(63,75,2,'2016-10-14 05:58:27','2014-04-03 20:02:51'),(64,131,1,'2016-04-30 11:55:36','2012-07-10 19:05:34'),(65,30,1,'2017-05-26 21:50:22','2015-05-24 06:22:07'),(65,37,2,'2013-05-18 15:47:25','2018-10-09 09:39:45'),(65,64,1,'2016-06-28 11:11:15','2012-03-12 00:58:31'),(65,74,1,'2017-08-05 23:47:54','2017-06-20 19:47:44'),(65,127,3,'2015-12-04 18:11:46','2013-09-02 10:30:11'),(65,129,2,'2014-12-04 21:27:56','2017-08-07 12:27:19'),(66,69,2,'2014-11-11 02:49:49','2015-08-18 04:41:18'),(66,88,3,'2019-11-21 16:17:39','2017-03-13 14:21:42'),(67,17,1,'2015-10-31 12:30:09','2014-06-23 11:02:31'),(67,73,3,'2012-03-19 23:40:46','2015-02-11 01:25:24'),(67,125,3,'2016-04-22 08:03:02','2016-05-30 18:03:17'),(67,148,2,'2012-09-29 01:34:43','2017-12-09 00:51:06'),(68,43,3,'2013-01-04 21:55:09','2013-05-21 05:13:03'),(68,79,3,'2011-10-01 18:32:05','2015-11-13 21:06:37'),(70,26,1,'2012-09-21 05:36:10','2018-07-07 20:01:06'),(70,51,2,'2014-09-11 15:54:52','2019-11-25 20:58:18'),(70,80,3,'2014-06-28 10:16:15','2018-10-26 18:18:53'),(70,116,2,'2013-12-20 06:37:32','2017-06-10 00:42:00'),(71,129,3,'2015-05-30 00:30:41','2018-11-20 01:41:05'),(72,85,2,'2012-08-11 16:43:13','2018-07-21 21:49:49'),(74,58,2,'2018-08-09 21:05:58','2017-07-04 17:27:40'),(74,77,3,'2017-12-03 20:57:00','2012-08-23 04:58:40'),(75,37,1,'2011-07-04 01:19:45','2015-04-17 21:10:09'),(75,110,1,'2017-07-10 01:19:31','2019-11-05 05:49:51'),(76,53,2,'2012-08-14 09:45:03','2013-05-27 09:55:41'),(76,57,3,'2018-07-19 10:16:28','2011-01-28 00:21:30'),(76,65,2,'2017-02-19 04:46:39','2018-12-31 02:40:33'),(77,8,2,'2017-08-29 00:23:23','2018-06-14 04:00:43'),(77,15,1,'2011-03-17 23:53:28','2014-08-08 12:25:18'),(77,55,1,'2020-04-11 06:15:47','2010-08-15 06:31:32'),(79,17,2,'2017-05-12 01:52:19','2018-01-28 23:18:22'),(79,103,1,'2018-07-12 07:49:11','2011-07-31 05:15:23'),(81,97,3,'2015-12-24 08:47:40','2015-09-28 09:00:52'),(81,134,3,'2012-10-27 19:06:56','2019-07-08 08:25:56'),(83,4,3,'2012-09-12 16:02:18','2015-12-28 06:10:10'),(83,20,1,'2013-01-28 02:06:39','2015-01-17 06:29:18'),(83,33,2,'2013-11-11 14:21:07','2012-09-14 10:55:11'),(83,72,1,'2011-03-27 10:54:10','2016-02-26 23:32:24'),(84,46,2,'2015-06-10 16:16:11','2020-01-13 06:02:02'),(84,70,3,'2014-02-09 09:18:50','2017-12-05 12:48:08'),(84,107,2,'2015-07-30 10:56:23','2012-01-21 10:38:11'),(84,116,2,'2014-11-15 03:02:43','2012-07-30 00:27:31'),(85,3,2,'2014-05-20 04:38:19','2011-04-23 16:33:01'),(87,138,3,'2014-03-03 05:58:33','2019-11-22 22:54:29'),(88,6,2,'2017-04-09 13:45:51','2018-01-07 21:58:18'),(88,42,3,'2017-03-29 11:36:13','2013-08-08 18:26:46'),(89,24,3,'2014-07-29 17:55:53','2018-09-22 01:24:35'),(89,128,2,'2014-12-06 03:19:08','2014-08-13 01:21:46'),(90,10,3,'2019-06-27 12:47:49','2016-07-21 22:24:38'),(90,41,3,'2016-08-31 06:34:53','2013-07-24 19:50:05'),(90,59,1,'2012-05-05 21:07:18','2015-06-10 08:17:35'),(91,45,2,'2018-11-25 00:48:43','2014-07-20 21:52:04'),(91,86,1,'2019-12-19 19:53:03','2014-07-30 22:24:16'),(91,97,1,'2017-06-18 01:18:27','2010-12-23 13:37:02'),(91,107,3,'2014-09-18 15:44:14','2010-11-10 10:26:41'),(92,10,2,'2012-05-08 03:02:14','2012-01-03 21:54:40'),(92,51,3,'2013-07-17 13:45:36','2012-06-27 12:07:34'),(92,97,2,'2016-07-29 13:46:31','2013-08-03 04:35:22'),(93,20,2,'2015-01-28 07:41:38','2014-11-05 18:55:59'),(93,88,3,'2015-05-18 21:01:10','2015-02-14 13:50:43'),(94,22,2,'2014-01-07 14:50:40','2012-06-28 15:40:11'),(94,31,1,'2019-12-23 08:06:31','2012-05-07 00:48:05'),(96,65,2,'2018-03-22 17:00:28','2012-08-23 03:28:57'),(97,23,1,'2019-04-15 08:21:41','2015-06-19 23:30:56'),(97,92,1,'2013-08-31 02:28:34','2015-03-24 05:16:54'),(97,142,2,'2011-08-01 22:28:49','2017-12-26 11:11:41'),(98,98,2,'2019-01-07 08:01:35','2011-01-08 22:40:42'),(98,108,3,'2012-09-21 09:20:10','2013-11-29 07:55:06'),(98,110,3,'2015-02-08 14:21:15','2012-09-10 23:54:42'),(98,141,2,'2011-11-11 22:17:35','2019-04-15 21:01:40'),(99,111,2,'2010-11-07 14:19:36','2016-06-18 01:23:14'),(100,105,2,'2016-01-22 02:17:43','2011-01-01 17:21:49'),(101,71,2,'2019-07-08 10:50:51','2010-06-22 20:05:01'),(102,51,3,'2012-07-12 23:03:18','2018-06-27 12:58:39'),(102,78,3,'2012-07-01 02:27:20','2012-03-13 15:36:37'),(102,79,1,'2015-10-24 13:45:40','2018-01-28 01:58:36'),(102,141,3,'2015-12-14 00:51:10','2017-01-31 17:16:37'),(103,24,1,'2012-05-09 06:19:36','2017-10-15 21:30:01'),(103,106,3,'2015-03-11 19:41:14','2010-11-07 20:38:01'),(103,137,3,'2019-05-14 21:27:21','2018-09-07 14:26:51'),(103,141,1,'2011-03-10 16:26:07','2014-10-29 13:47:53'),(104,13,3,'2012-06-10 01:58:15','2015-05-11 03:50:17'),(104,48,3,'2019-09-08 07:06:04','2013-03-15 07:36:38'),(105,18,3,'2012-02-03 19:29:06','2014-04-03 19:21:48'),(106,27,3,'2018-07-03 17:01:54','2019-05-19 01:15:33'),(106,40,2,'2019-02-04 08:13:39','2012-08-15 23:10:06'),(106,109,3,'2018-02-11 15:27:07','2017-07-30 21:53:18'),(107,55,3,'2012-04-02 21:18:30','2018-09-20 15:14:21'),(108,10,1,'2014-11-20 01:43:17','2011-02-25 02:24:58'),(108,83,2,'2019-01-04 15:29:22','2014-02-16 14:46:52'),(109,119,3,'2011-03-16 00:43:31','2019-03-06 12:22:11'),(110,19,3,'2018-01-09 20:31:15','2018-02-23 06:22:48'),(110,68,3,'2014-02-13 02:25:24','2017-10-18 23:55:13'),(110,124,1,'2011-06-15 06:41:35','2016-11-10 23:59:15'),(111,104,3,'2012-05-13 03:27:42','2017-04-24 10:30:05'),(112,33,3,'2020-04-24 11:04:47','2015-05-05 09:29:32'),(112,59,1,'2019-01-30 08:09:58','2014-11-04 15:27:25'),(113,39,1,'2014-03-21 01:41:46','2013-03-01 08:46:44'),(113,83,3,'2010-07-13 12:15:31','2016-12-25 22:18:18'),(113,96,2,'2019-08-18 07:36:18','2020-04-18 13:10:44'),(113,133,3,'2012-03-27 14:08:33','2019-02-01 15:07:40'),(114,18,2,'2013-02-19 20:09:58','2019-01-27 17:19:45'),(114,41,2,'2019-05-01 07:14:28','2016-06-27 04:45:18'),(114,62,1,'2017-05-05 02:34:14','2015-11-09 16:43:18'),(116,45,3,'2012-11-20 21:05:37','2017-08-13 18:13:35'),(117,20,1,'2014-07-27 17:43:26','2014-10-08 05:43:30'),(117,61,3,'2015-04-07 23:43:31','2016-10-31 10:00:13'),(117,62,1,'2016-10-04 21:35:47','2012-09-02 21:12:07'),(117,103,1,'2013-10-18 09:59:19','2012-11-12 19:38:36'),(117,138,3,'2012-08-08 19:41:24','2015-10-12 05:03:18'),(118,12,1,'2013-12-14 23:31:57','2019-08-07 06:18:16'),(118,137,3,'2010-10-03 17:23:30','2019-02-07 22:11:43'),(118,138,3,'2020-01-16 02:20:59','2013-05-30 18:16:45'),(119,63,1,'2014-01-05 16:09:58','2012-01-07 11:26:42'),(120,23,1,'2017-07-22 20:37:51','2012-09-27 16:28:54'),(120,28,2,'2014-08-19 02:19:21','2019-03-12 14:43:15'),(120,64,1,'2019-05-08 20:02:38','2020-01-27 15:11:38'),(120,76,3,'2017-12-03 05:49:40','2012-10-04 22:03:45'),(120,109,2,'2010-08-08 18:53:18','2014-10-16 14:45:21'),(122,34,2,'2014-12-08 00:54:19','2013-09-01 20:48:28'),(122,88,3,'2012-08-15 03:31:59','2019-06-01 10:03:02'),(122,134,1,'2016-11-21 08:18:07','2012-04-01 21:06:37'),(123,22,2,'2016-06-20 16:35:48','2018-03-24 19:52:59'),(123,100,1,'2017-09-13 20:05:57','2014-08-11 19:19:56'),(124,31,3,'2016-04-30 03:34:31','2016-08-12 20:21:43'),(124,149,3,'2018-04-02 09:08:05','2018-05-11 16:56:20'),(126,45,1,'2010-08-31 03:35:56','2012-07-15 11:48:29'),(126,115,1,'2018-11-23 20:46:48','2014-07-16 06:15:42'),(127,29,3,'2019-01-30 00:20:48','2013-03-18 02:00:38'),(127,35,2,'2019-06-07 11:07:41','2020-02-11 16:07:59'),(127,113,3,'2017-12-06 16:27:29','2011-10-10 17:41:38'),(128,68,1,'2013-11-19 21:24:39','2016-11-10 11:30:41'),(128,106,1,'2011-04-02 08:30:06','2012-01-17 23:58:28'),(128,129,3,'2011-04-08 14:34:16','2010-08-20 01:33:06'),(129,45,3,'2011-01-19 11:26:09','2018-08-13 05:36:30'),(129,89,3,'2015-04-07 18:37:44','2010-08-20 02:56:33'),(129,102,2,'2017-06-05 12:15:38','2019-03-19 04:39:53'),(130,116,2,'2018-10-26 23:43:47','2013-11-02 17:21:18'),(131,59,2,'2014-07-19 04:49:05','2017-11-11 04:37:41'),(132,142,2,'2015-06-09 10:55:55','2011-03-11 01:37:42'),(133,25,2,'2019-12-03 23:31:06','2016-01-03 16:42:40'),(133,70,1,'2013-04-15 19:11:35','2019-09-21 11:46:13'),(133,132,2,'2020-01-26 21:06:08','2013-03-20 15:36:43'),(134,103,3,'2010-07-05 19:34:28','2014-03-07 00:56:16'),(135,9,3,'2012-04-14 12:46:58','2014-11-03 22:29:52'),(135,148,2,'2014-06-13 03:25:58','2013-04-30 04:53:10'),(136,51,3,'2014-02-26 02:44:29','2018-08-25 15:30:59'),(136,79,1,'2019-04-01 02:30:13','2016-11-27 13:45:18'),(136,94,2,'2020-02-28 00:35:47','2012-03-22 12:40:00'),(138,73,3,'2012-09-14 11:39:52','2015-08-29 19:35:31'),(139,29,3,'2019-12-07 15:15:15','2016-02-14 06:37:38'),(139,52,3,'2012-11-19 06:53:54','2018-04-27 16:59:43'),(140,15,3,'2015-12-15 01:23:49','2015-06-09 12:13:40'),(140,27,2,'2016-04-27 13:54:13','2016-12-01 21:33:59'),(140,93,3,'2017-02-26 22:14:15','2016-12-03 21:17:41'),(141,41,1,'2015-06-23 06:58:02','2011-01-29 00:43:43'),(141,96,1,'2018-12-09 20:33:57','2011-10-11 04:59:23'),(142,87,3,'2011-01-23 13:08:06','2017-02-21 08:31:29'),(143,123,2,'2012-07-17 02:36:04','2013-05-10 13:46:19'),(143,131,2,'2012-03-26 23:24:52','2016-06-07 23:19:27'),(144,48,3,'2019-06-04 23:26:24','2012-09-01 16:15:15'),(144,121,3,'2013-04-07 07:13:29','2013-03-18 21:20:56'),(144,128,1,'2010-07-08 21:48:46','2011-07-18 10:29:25'),(144,145,1,'2017-01-28 09:24:13','2013-12-10 00:06:08'),(145,21,2,'2015-07-15 22:32:50','2013-11-25 12:42:36'),(145,45,2,'2016-03-24 18:42:54','2013-04-19 11:11:29'),(145,47,2,'2013-06-02 10:59:27','2014-10-14 17:44:05'),(145,149,3,'2010-09-29 11:23:21','2017-03-20 02:24:33'),(146,111,1,'2011-05-19 10:48:34','2016-05-27 18:14:57'),(146,122,1,'2019-01-18 09:58:33','2018-11-09 12:10:15'),(146,124,3,'2019-11-03 03:27:05','2017-08-12 20:09:41'),(147,46,3,'2013-03-08 22:45:23','2012-07-02 12:02:39'),(147,93,2,'2020-01-27 16:25:57','2011-11-25 20:32:17'),(147,126,1,'2016-09-27 00:53:02','2014-07-08 15:23:00'),(148,9,2,'2013-10-19 18:14:23','2012-10-06 19:16:20'),(148,11,3,'2014-09-22 17:06:08','2020-06-08 10:56:49'),(148,102,2,'2013-08-27 01:51:12','2013-01-21 11:23:15'),(150,91,2,'2012-12-17 09:02:17','2017-02-01 13:42:05'),(150,110,3,'2011-05-08 22:04:16','2018-02-14 06:56:00'),(150,141,3,'2015-07-19 23:41:19','2010-08-26 03:49:39');
/*!40000 ALTER TABLE `subscription` ENABLE KEYS */;
UNLOCK TABLES;

--
-- Table structure for table `subscription_statuses`
--

DROP TABLE IF EXISTS `subscription_statuses`;
/*!40101 SET @saved_cs_client     = @@character_set_client */;
/*!50503 SET character_set_client = utf8mb4 */;
CREATE TABLE `subscription_statuses` (
  `id` int unsigned NOT NULL AUTO_INCREMENT,
  `name` varchar(150) CHARACTER SET utf8 COLLATE utf8_unicode_ci NOT NULL,
  PRIMARY KEY (`id`),
  UNIQUE KEY `name` (`name`)
) ENGINE=InnoDB AUTO_INCREMENT=4 DEFAULT CHARSET=utf8 COLLATE=utf8_unicode_ci;
/*!40101 SET character_set_client = @saved_cs_client */;

--
-- Dumping data for table `subscription_statuses`
--

LOCK TABLES `subscription_statuses` WRITE;
/*!40000 ALTER TABLE `subscription_statuses` DISABLE KEYS */;
INSERT INTO `subscription_statuses` VALUES (2,'Confirmed'),(1,'Rejected'),(3,'Requested');
/*!40000 ALTER TABLE `subscription_statuses` ENABLE KEYS */;
UNLOCK TABLES;

--
-- Table structure for table `target_types`
--

DROP TABLE IF EXISTS `target_types`;
/*!40101 SET @saved_cs_client     = @@character_set_client */;
/*!50503 SET character_set_client = utf8mb4 */;
CREATE TABLE `target_types` (
  `id` int unsigned NOT NULL AUTO_INCREMENT,
  `name` varchar(255) NOT NULL,
  `created_at` datetime DEFAULT CURRENT_TIMESTAMP,
  PRIMARY KEY (`id`),
  UNIQUE KEY `name` (`name`)
) ENGINE=InnoDB AUTO_INCREMENT=5 DEFAULT CHARSET=utf8mb4 COLLATE=utf8mb4_0900_ai_ci;
/*!40101 SET character_set_client = @saved_cs_client */;

--
-- Dumping data for table `target_types`
--

LOCK TABLES `target_types` WRITE;
/*!40000 ALTER TABLE `target_types` DISABLE KEYS */;
INSERT INTO `target_types` VALUES (1,'messages','2020-06-13 19:41:23'),(2,'users','2020-06-13 19:41:23'),(3,'media','2020-06-13 19:41:23'),(4,'posts','2020-06-13 19:41:23');
/*!40000 ALTER TABLE `target_types` ENABLE KEYS */;
UNLOCK TABLES;

--
-- Table structure for table `users`
--

DROP TABLE IF EXISTS `users`;
/*!40101 SET @saved_cs_client     = @@character_set_client */;
/*!50503 SET character_set_client = utf8mb4 */;
CREATE TABLE `users` (
  `id` int unsigned NOT NULL AUTO_INCREMENT,
  `first_name` varchar(100) CHARACTER SET utf8 COLLATE utf8_unicode_ci NOT NULL,
  `last_name` varchar(100) CHARACTER SET utf8 COLLATE utf8_unicode_ci NOT NULL,
  `email` varchar(100) CHARACTER SET utf8 COLLATE utf8_unicode_ci NOT NULL,
  `phone` varchar(100) CHARACTER SET utf8 COLLATE utf8_unicode_ci NOT NULL,
  `created_at` datetime DEFAULT CURRENT_TIMESTAMP,
  `updated_at` datetime DEFAULT CURRENT_TIMESTAMP ON UPDATE CURRENT_TIMESTAMP,
  PRIMARY KEY (`id`),
  UNIQUE KEY `email` (`email`),
  UNIQUE KEY `phone` (`phone`)
) ENGINE=InnoDB AUTO_INCREMENT=151 DEFAULT CHARSET=utf8 COLLATE=utf8_unicode_ci;
/*!40101 SET character_set_client = @saved_cs_client */;

--
-- Dumping data for table `users`
--

LOCK TABLES `users` WRITE;
/*!40000 ALTER TABLE `users` DISABLE KEYS */;
INSERT INTO `users` VALUES (1,'Nella','Sanford','hand.alexandrine@example.com','018.905.9766x8461','2015-08-01 17:46:33','2019-09-06 10:12:48'),(2,'Gerda','Nitzsche','erling44@example.com','(821)134-2838x3753','2012-04-28 04:56:12','2019-12-12 12:40:14'),(3,'Vern','Beahan','wade.abshire@example.org','380-301-5293','2018-09-29 04:40:02','2019-08-20 05:22:03'),(4,'Calista','Blick','arthur.torphy@example.net','1-242-590-3414x2677','2018-04-07 17:34:42','2020-01-31 23:05:24'),(5,'Eryn','Marks','o\'kon.oswald@example.org','741.372.7921','2011-03-24 15:33:43','2019-12-29 02:26:29'),(6,'Lois','Aufderhar','veum.cade@example.org','06281654055','2012-12-19 12:50:08','2019-12-19 12:51:09'),(7,'Elmo','Champlin','dominic.gutkowski@example.org','(045)482-9812','2011-05-10 12:11:09','2020-02-06 04:12:55'),(8,'Katlyn','Feest','rath.trevion@example.com','627.919.0732x67889','2017-05-28 03:19:55','2020-05-20 12:40:05'),(9,'Tamia','Okuneva','pswift@example.com','691-560-1464','2012-01-29 17:50:41','2019-12-04 04:26:09'),(10,'Liam','Jones','dana04@example.com','581.079.4352x1528','2016-08-29 01:17:05','2019-09-30 22:41:10'),(11,'Barrett','Pagac','dean60@example.net','1-095-144-8360x2789','2013-03-09 19:29:16','2019-07-24 11:33:44'),(12,'Rebeka','Wintheiser','zwaelchi@example.com','808.853.3783','2012-01-05 01:16:15','2019-06-21 20:10:50'),(13,'Coleman','Abernathy','rau.lilla@example.com','485.614.2358','2016-03-11 07:18:10','2020-02-29 02:17:51'),(14,'Josue','Purdy','fern.pollich@example.com','979.760.4377','2014-07-23 19:37:08','2019-09-19 16:23:54'),(15,'Rafaela','Gibson','swift.shanie@example.com','207.584.3620x186','2010-07-17 15:45:43','2019-12-26 16:15:37'),(16,'Gerardo','Haag','eugene.bogisich@example.net','564-502-9718','2010-07-02 00:21:57','2020-05-06 05:47:48'),(17,'Judge','Tremblay','ruecker.elton@example.net','(463)512-5573x58693','2014-05-20 21:22:11','2020-01-22 01:02:00'),(18,'Randi','Romaguera','augustus91@example.net','1-300-738-8883','2017-08-29 22:53:50','2019-09-17 23:24:58'),(19,'Claudie','Becker','trystan33@example.net','1-550-861-6035x106','2016-03-30 03:04:15','2019-09-06 23:43:24'),(20,'Arden','Dare','ohaley@example.org','411-291-8573x31068','2014-03-30 21:11:51','2019-12-21 00:12:26'),(21,'Ivah','Aufderhar','llegros@example.net','01237527756','2012-01-06 20:05:51','2019-06-18 04:41:41'),(22,'Viva','Rosenbaum','dillan57@example.org','(495)451-4891','2017-09-21 03:19:10','2019-07-13 19:45:03'),(23,'Selmer','Shields','lazaro92@example.com','1-494-986-7788x27018','2019-10-27 23:54:43','2020-02-22 06:08:15'),(24,'Guy','Hauck','jayson40@example.net','(770)074-6501x9644','2019-03-29 00:17:17','2020-04-16 06:42:07'),(25,'Aylin','Kuhic','dianna.jast@example.org','080.262.8330x834','2012-01-21 14:55:23','2019-09-07 03:19:05'),(26,'Raheem','Rempel','juana.lesch@example.com','662.292.4501x597','2018-01-07 21:20:38','2019-09-08 20:13:14'),(27,'Brad','Cartwright','thiel.arno@example.com','605-243-2291','2014-08-31 05:20:15','2019-12-13 05:35:31'),(28,'Nyasia','VonRueden','vsipes@example.com','1-186-133-1807','2015-02-10 10:16:33','2020-01-09 09:51:48'),(29,'Kameron','Kihn','hartmann.linnie@example.net','(985)825-9191x1296','2013-11-13 03:31:27','2019-07-27 17:34:36'),(30,'Cade','Smith','isai.mraz@example.org','1-866-317-9192x87950','2019-10-14 00:41:03','2020-01-17 00:27:51'),(31,'Kyleigh','Runolfsdottir','schuster.liza@example.net','254-512-2774x541','2013-07-05 21:10:10','2019-12-31 22:34:25'),(32,'Turner','Kutch','leo41@example.net','+36(5)3011622290','2011-10-28 11:42:08','2019-08-19 05:44:46'),(33,'Jada','Osinski','janick77@example.net','(073)107-8084x044','2016-05-06 10:17:07','2020-06-10 02:53:33'),(34,'Frances','Stracke','dominic92@example.net','1-606-133-3765','2019-11-18 09:04:54','2020-02-19 00:04:00'),(35,'Marjorie','Rowe','queen13@example.net','426-901-2084x35364','2019-04-03 10:22:22','2019-09-11 04:53:02'),(36,'Jarrett','Collier','hhuels@example.net','060-681-3051','2011-12-23 10:46:06','2019-09-16 18:50:00'),(37,'Nova','Conn','rippin.winifred@example.org','(430)869-6897x533','2012-11-30 20:18:39','2019-10-31 20:03:52'),(38,'Lizzie','Parisian','junior76@example.org','318.250.5167x55485','2019-07-11 19:37:39','2019-07-17 07:30:09'),(39,'Dixie','Lind','carmine12@example.org','524-175-2083','2018-08-18 21:16:15','2019-11-04 00:06:22'),(40,'Dulce','Beatty','wilma42@example.org','849-941-8250','2014-08-13 12:31:30','2019-12-11 19:11:31'),(41,'Jackson','Christiansen','may.kling@example.com','364-946-7395','2016-05-07 10:26:16','2020-04-05 02:28:24'),(42,'Gerald','Weber','rachelle.jast@example.net','361.707.6654','2017-07-07 01:42:04','2020-02-25 15:53:34'),(43,'Don','Hamill','jake.o\'conner@example.org','1-966-174-0451x05644','2018-07-24 05:46:42','2019-11-26 04:44:49'),(44,'Assunta','Schneider','ucassin@example.com','08810909487','2015-11-23 17:49:08','2019-09-29 01:42:22'),(45,'Amara','Adams','koelpin.dulce@example.org','00824900323','2014-02-21 13:25:40','2020-02-07 04:52:00'),(46,'Stephanie','Gutkowski','eldora52@example.org','233.869.4177','2016-11-26 17:08:03','2020-05-01 06:13:24'),(47,'Leda','Cummerata','dewayne79@example.com','256-848-0223','2014-04-08 19:35:24','2020-01-31 13:42:07'),(48,'Rhea','Renner','nhills@example.com','036-536-9857','2017-10-26 22:14:02','2019-10-15 03:59:07'),(49,'Braden','Greenfelder','hgutmann@example.com','465-577-1520','2015-03-19 18:19:46','2020-05-13 06:54:55'),(50,'Alvena','Mante','sgottlieb@example.com','(054)195-6774x81600','2015-06-28 13:05:55','2020-03-09 13:16:00'),(51,'Jeromy','Nader','abe71@example.net','734-689-2770x622','2015-03-20 10:14:30','2019-10-08 04:53:39'),(52,'Rosario','Buckridge','bergstrom.janiya@example.net','(399)445-0541x2181','2016-06-01 00:26:05','2019-12-08 07:44:30'),(53,'Vincenza','Steuber','kennedi.shanahan@example.org','520-387-0119','2018-01-24 14:46:52','2020-04-29 19:24:57'),(54,'Damon','Grimes','batz.krystal@example.org','205-167-6021x085','2017-04-22 16:18:37','2019-10-13 15:05:55'),(55,'Marcella','Emard','candace62@example.com','05796660684','2016-11-18 00:01:09','2019-06-10 10:59:09'),(56,'Jammie','Luettgen','rklein@example.com','(081)235-6090x2781','2016-03-25 20:06:39','2020-05-14 01:34:31'),(57,'Cali','Bogisich','kohler.kaylin@example.org','108-322-5911','2020-05-19 03:54:53','2020-06-11 13:43:22'),(58,'Katelin','Marquardt','kasandra.jacobi@example.org','598-092-1671','2014-07-16 20:29:09','2019-12-27 09:10:27'),(59,'Gudrun','Swaniawski','schmidt.lemuel@example.com','1-042-909-9947x99782','2015-04-10 09:48:14','2020-04-27 04:09:36'),(60,'Avery','Trantow','asia68@example.com','085.994.7683','2017-08-14 19:27:44','2020-01-09 23:41:29'),(61,'Shaun','Orn','cassandra.beier@example.org','1-233-152-9403x822','2018-07-31 02:00:38','2020-05-24 22:39:13'),(62,'Mireya','O\'Connell','german80@example.net','047.924.3515x033','2013-03-31 04:37:23','2020-04-27 11:39:25'),(63,'Lavern','Kling','noah06@example.org','670.779.7185','2010-07-17 22:12:56','2020-04-27 03:11:17'),(64,'Sheridan','Kiehn','ukertzmann@example.org','+87(2)9250335961','2010-09-23 05:04:03','2020-02-01 23:46:44'),(65,'Jacquelyn','Veum','hlueilwitz@example.net','1-701-587-1819x33894','2014-03-23 20:34:53','2020-02-29 08:16:27'),(66,'Burley','Ratke','marcia11@example.org','675-769-0766x464','2019-10-20 03:13:37','2019-11-14 13:08:03'),(67,'Darwin','Ryan','lonzo.monahan@example.org','(084)940-4264','2018-05-30 03:54:16','2020-01-11 22:29:21'),(68,'Syble','Ortiz','prohaska.amani@example.com','+69(7)0550276280','2012-03-23 02:08:55','2020-03-29 21:08:25'),(69,'Tatum','Okuneva','narciso.funk@example.org','+37(3)3527172753','2016-09-16 18:17:35','2020-02-22 00:37:44'),(70,'Chaz','Stamm','joanie.green@example.org','998.307.1164','2016-12-31 01:18:37','2020-05-13 02:15:58'),(71,'Aiden','Haag','velda.konopelski@example.com','1-338-425-0712','2011-05-30 16:11:56','2019-07-05 13:24:30'),(72,'Cassidy','Kshlerin','madelynn.fahey@example.net','111.757.1469x06989','2012-12-10 05:27:15','2020-03-05 23:16:17'),(73,'Marques','Kessler','mittie81@example.net','963.713.4206','2018-05-31 19:01:02','2019-09-07 19:07:14'),(74,'Katharina','Mayer','wreichert@example.org','467.162.2217x22998','2011-08-26 04:47:44','2019-09-28 14:05:47'),(75,'Bettye','Glover','breitenberg.chanel@example.org','1-860-681-8728','2018-07-06 06:03:05','2019-07-09 11:14:07'),(76,'Shemar','Schiller','goberbrunner@example.com','+35(0)7577673843','2020-05-11 12:46:06','2020-06-11 13:43:22'),(77,'Jakob','Goldner','ihansen@example.com','+06(8)3820607585','2016-05-22 20:31:23','2020-01-17 03:21:02'),(78,'Alexa','Moen','herminio24@example.com','(538)285-4842x009','2020-03-02 16:31:54','2020-06-11 13:43:22'),(79,'Mellie','Mosciski','rbergstrom@example.net','05767971283','2018-01-01 15:38:33','2020-01-14 07:16:06'),(80,'Samara','Ernser','morar.maymie@example.com','+77(2)8248895596','2020-06-08 00:53:53','2020-06-11 13:43:22'),(81,'Macie','Koch','mcglynn.caleigh@example.com','06148603576','2017-06-04 02:48:43','2019-10-09 16:59:27'),(82,'Georgette','Herzog','nbernhard@example.net','+14(3)3775521426','2011-08-17 02:07:07','2019-07-31 20:14:43'),(83,'Keanu','Schultz','daryl.daugherty@example.com','(346)776-1490','2017-07-01 20:36:49','2020-04-02 14:30:25'),(84,'Deonte','Hermann','arlo.stoltenberg@example.net','127.541.9581x68877','2017-12-04 13:37:09','2020-05-23 12:48:58'),(85,'Don','Paucek','jskiles@example.org','1-353-163-4978','2018-07-06 02:42:47','2019-09-02 01:11:47'),(86,'Stefan','Huel','nash41@example.com','472-454-5710','2010-10-20 05:53:10','2019-06-24 16:09:41'),(87,'Augusta','Leffler','daufderhar@example.com','433.338.9948x214','2013-03-08 10:45:35','2019-06-11 09:17:26'),(88,'Veronica','Walker','haleigh06@example.net','(643)256-1217','2017-05-10 19:55:25','2020-03-06 13:16:06'),(89,'Marge','Stanton','rohan.lowell@example.org','(692)625-8903x48609','2014-10-29 08:17:10','2020-04-04 16:01:11'),(90,'Marcelle','Franecki','lauren13@example.net','(951)361-5134','2011-04-18 07:26:01','2020-02-16 11:01:02'),(91,'Eudora','Skiles','ceasar05@example.org','1-456-838-2169x61415','2019-06-18 00:24:02','2019-09-01 07:20:10'),(92,'Ulices','Torp','vena09@example.com','07675884777','2013-02-01 23:38:34','2020-01-11 01:12:15'),(93,'Abby','Lubowitz','pedro92@example.net','812.789.6296x3671','2020-06-06 15:46:05','2020-06-11 13:43:22'),(94,'Rebeca','Berge','zachariah.vonrueden@example.org','678-334-4055','2018-12-23 04:20:17','2019-09-16 09:19:55'),(95,'Arlo','Stokes','marina12@example.net','(037)483-8950','2014-07-03 06:47:29','2019-08-01 02:45:25'),(96,'Royal','Mraz','steuber.darrion@example.org','(254)483-3583x9803','2017-02-12 01:01:37','2019-12-20 15:54:46'),(97,'Cecelia','Yost','ike.reichel@example.com','273-233-2196x00316','2011-03-11 12:36:33','2020-03-02 21:29:51'),(98,'Alba','Greenfelder','alexandria90@example.net','1-155-968-6256','2011-12-06 00:55:58','2019-07-30 12:31:00'),(99,'Sabrina','Ratke','douglas.erling@example.net','(194)013-5488x5221','2014-08-29 13:55:16','2019-12-07 09:23:07'),(100,'Mohammad','Dooley','addie88@example.org','096.443.4531x83387','2020-02-22 14:18:37','2020-06-11 13:43:22'),(101,'Sonia','Dibbert','rblick@example.net','425-128-5888x429','2010-10-27 23:21:20','2019-10-20 13:07:33'),(102,'Helene','Walsh','lane.becker@example.net','1-901-277-9602','2017-03-12 09:21:22','2020-05-23 13:01:37'),(103,'Selena','Kulas','weber.elijah@example.org','423.439.5097','2015-11-06 17:57:24','2020-04-15 09:52:06'),(104,'Jamey','Nienow','dharris@example.net','455.447.4885x3028','2011-05-19 11:33:38','2019-06-18 02:19:03'),(105,'Marianna','Moen','rhoda10@example.com','758.179.4138','2015-09-29 13:51:04','2019-10-31 22:08:19'),(106,'Nathen','Prosacco','terrance.hayes@example.org','(234)744-4789','2016-09-04 07:33:12','2019-08-27 18:57:25'),(107,'Alia','Dickinson','anne.abshire@example.com','(240)701-1389','2016-10-30 11:19:17','2020-03-27 04:41:26'),(108,'Timothy','Green','gkerluke@example.net','(101)572-7853x291','2010-10-13 10:35:40','2019-07-02 04:06:57'),(109,'Hettie','Hermiston','walsh.perry@example.net','260-498-3476x3090','2013-08-02 07:44:05','2019-06-23 21:04:52'),(110,'Maude','Schowalter','twelch@example.net','(572)413-3525','2015-08-09 09:31:48','2020-05-10 14:37:13'),(111,'Tavares','Kuhic','tillman.ashleigh@example.org','731.568.3321x997','2015-04-12 17:10:56','2019-11-20 12:53:14'),(112,'Kristin','Dach','justus88@example.net','(640)041-6836x648','2018-09-30 08:35:41','2019-08-15 09:10:17'),(113,'Einar','Kirlin','bradford.kuvalis@example.com','340-990-3274','2010-06-14 23:56:52','2019-07-13 13:30:41'),(114,'Faye','Skiles','herman.june@example.net','(970)972-8292x1549','2011-04-18 18:27:42','2020-03-29 11:37:59'),(115,'Brandi','Stark','katharina.schimmel@example.org','(270)332-7934x915','2015-11-21 18:25:41','2019-12-03 16:07:29'),(116,'Daija','Hahn','adelia.ritchie@example.com','123-049-7834','2012-02-22 06:43:06','2020-04-08 19:04:53'),(117,'Jimmy','Flatley','catalina82@example.org','(280)834-5196x989','2017-07-17 04:43:09','2019-12-08 13:45:57'),(118,'Lavern','Simonis','dessie50@example.net','(274)935-8345x00397','2020-04-21 11:28:21','2020-06-11 13:43:22'),(119,'Theron','Gulgowski','ondricka.darrel@example.net','1-206-200-3029','2011-11-19 19:42:09','2019-12-10 10:40:22'),(120,'Baylee','Balistreri','kyra.towne@example.net','527.066.3429','2012-09-13 09:13:15','2020-05-08 00:56:21'),(121,'Alda','Haag','schmitt.jules@example.com','788-217-8904','2015-12-19 16:30:53','2020-01-07 17:01:23'),(122,'Jose','Champlin','monahan.jamel@example.org','1-809-074-0107','2012-03-15 15:22:45','2019-08-23 15:47:46'),(123,'Russel','Beier','demetrius.sawayn@example.net','378.933.0970','2015-04-27 11:47:14','2019-11-24 09:23:54'),(124,'Dudley','Yost','thettinger@example.org','06819836608','2016-01-16 13:56:23','2020-02-11 04:22:03'),(125,'Kiana','Feest','beatrice.fisher@example.net','937.092.3753','2010-07-12 15:30:36','2019-10-06 10:33:54'),(126,'Gwendolyn','Howe','leuschke.wyatt@example.net','+84(3)6164914673','2013-08-06 23:07:15','2020-04-19 18:58:03'),(127,'Jacynthe','Carroll','hmitchell@example.org','(344)078-4104','2016-08-04 21:29:14','2020-02-11 03:30:34'),(128,'Cristopher','Lemke','christop.gusikowski@example.com','+47(0)9477782899','2019-05-12 00:03:27','2019-12-25 02:05:35'),(129,'Jeffrey','Bruen','brakus.nellie@example.net','059-888-2405','2011-03-17 15:32:07','2019-12-31 09:53:21'),(130,'Freeda','Crist','mohr.santina@example.net','(647)350-5380','2015-01-30 20:11:06','2019-08-13 20:31:03'),(131,'Mariane','Hegmann','zfeil@example.com','1-170-465-0731','2012-05-31 09:38:45','2020-05-22 20:03:00'),(132,'Aylin','Jacobs','wilderman.dayne@example.com','(280)962-4565','2014-06-27 23:24:25','2019-06-24 18:00:39'),(133,'Alba','Beer','jaunita04@example.net','(307)930-8640x2895','2012-01-29 03:55:53','2019-07-31 00:28:22'),(134,'Maverick','Doyle','berge.jasen@example.net','828.213.1926x4391','2019-10-18 16:05:39','2020-02-13 20:14:48'),(135,'Zora','Kutch','ddubuque@example.org','(644)529-5406x33634','2012-01-25 04:43:59','2019-08-11 16:26:06'),(136,'Brielle','Simonis','leda.beer@example.net','514.634.3998x8445','2013-01-19 03:01:35','2019-11-26 21:12:15'),(137,'Ona','O\'Connell','milo34@example.org','04723542595','2020-04-22 15:04:49','2020-05-27 05:04:51'),(138,'Judy','Rutherford','isai91@example.com','919-287-9290','2019-05-03 10:22:09','2020-03-17 20:44:57'),(139,'Madelynn','Rolfson','bertram44@example.org','01845619162','2020-03-08 09:42:44','2020-03-11 03:47:01'),(140,'Zackery','Carroll','bernadette87@example.net','946.180.4520x5230','2014-09-21 08:51:52','2020-03-23 18:52:41'),(141,'Alba','Bergnaum','ocasper@example.org','014.822.2596x175','2018-06-27 04:24:13','2019-08-22 14:46:01'),(142,'Vern','Goyette','everette16@example.com','(394)539-1837x884','2011-01-09 23:46:09','2019-08-17 07:13:55'),(143,'Hertha','Raynor','arden.dooley@example.com','047.011.6837x815','2016-04-29 06:50:58','2019-09-22 20:36:36'),(144,'Janet','Hegmann','marlee85@example.com','01662744578','2017-01-27 13:17:41','2020-04-28 14:02:30'),(145,'Titus','Kuphal','angelica.satterfield@example.com','384.701.0612x4908','2017-08-16 17:12:57','2020-04-20 00:02:53'),(146,'Berry','McDermott','camren73@example.com','(931)191-8592x7143','2010-11-08 00:26:37','2019-08-16 02:19:56'),(147,'Melody','Hettinger','francisco71@example.net','195-078-7587x45394','2013-07-28 17:01:57','2019-10-08 21:24:15'),(148,'Berneice','Cassin','schuppe.bridget@example.org','+58(0)7936395487','2015-08-30 11:41:24','2020-03-24 20:21:28'),(149,'Bernita','Stark','ottis.crist@example.org','1-017-854-9041','2014-02-24 14:14:01','2020-04-26 23:55:39'),(150,'Katrine','Goldner','bashirian.angelina@example.net','(104)278-8924','2013-01-28 04:09:55','2020-04-16 17:21:30');
/*!40000 ALTER TABLE `users` ENABLE KEYS */;
UNLOCK TABLES;

--
-- Final view structure for view `delivered_messages`
--

/*!50001 DROP VIEW IF EXISTS `delivered_messages`*/;
/*!50001 SET @saved_cs_client          = @@character_set_client */;
/*!50001 SET @saved_cs_results         = @@character_set_results */;
/*!50001 SET @saved_col_connection     = @@collation_connection */;
/*!50001 SET character_set_client      = utf8mb4 */;
/*!50001 SET character_set_results     = utf8mb4 */;
/*!50001 SET collation_connection      = utf8mb4_0900_ai_ci */;
/*!50001 CREATE ALGORITHM=UNDEFINED */
/*!50013 DEFINER=`root`@`localhost` SQL SECURITY DEFINER */
/*!50001 VIEW `delivered_messages` AS select `messages`.`body` AS `delivered_message`,concat(`users`.`first_name`,' ',`users`.`last_name`) AS `full_sender_name` from (`users` join `messages` on(((`users`.`id` = `messages`.`from_user_id`) and (`messages`.`is_delivered` = 1)))) */;
/*!50001 SET character_set_client      = @saved_cs_client */;
/*!50001 SET character_set_results     = @saved_cs_results */;
/*!50001 SET collation_connection      = @saved_col_connection */;

--
-- Final view structure for view `media_owner`
--

/*!50001 DROP VIEW IF EXISTS `media_owner`*/;
/*!50001 SET @saved_cs_client          = @@character_set_client */;
/*!50001 SET @saved_cs_results         = @@character_set_results */;
/*!50001 SET @saved_col_connection     = @@collation_connection */;
/*!50001 SET character_set_client      = utf8mb4 */;
/*!50001 SET character_set_results     = utf8mb4 */;
/*!50001 SET collation_connection      = utf8mb4_0900_ai_ci */;
/*!50001 CREATE ALGORITHM=UNDEFINED */
/*!50013 DEFINER=`root`@`localhost` SQL SECURITY DEFINER */
/*!50001 VIEW `media_owner` AS select `media`.`filename` AS `filename`,concat(`users`.`first_name`,' ',`users`.`last_name`) AS `full_owners_name` from (`users` join `media` on((`users`.`id` = `media`.`user_id`))) */;
/*!50001 SET character_set_client      = @saved_cs_client */;
/*!50001 SET character_set_results     = @saved_cs_results */;
/*!50001 SET collation_connection      = @saved_col_connection */;
/*!40103 SET TIME_ZONE=@OLD_TIME_ZONE */;

/*!40101 SET SQL_MODE=@OLD_SQL_MODE */;
/*!40014 SET FOREIGN_KEY_CHECKS=@OLD_FOREIGN_KEY_CHECKS */;
/*!40014 SET UNIQUE_CHECKS=@OLD_UNIQUE_CHECKS */;
/*!40101 SET CHARACTER_SET_CLIENT=@OLD_CHARACTER_SET_CLIENT */;
/*!40101 SET CHARACTER_SET_RESULTS=@OLD_CHARACTER_SET_RESULTS */;
/*!40101 SET COLLATION_CONNECTION=@OLD_COLLATION_CONNECTION */;
/*!40111 SET SQL_NOTES=@OLD_SQL_NOTES */;

-- Dump completed on 2020-06-14 19:57:15
